Type,Year,Qtr,Order Type,Proceeding_type,Petitioners_Gender,Children_Involved,Contested,Count
Petitions,2003,1,n/a,Dissolution of marriage,Female,No,,12111
Petitions,2003,1,n/a,Dissolution of marriage,Female,Yes,,19679
Petitions,2003,1,n/a,Dissolution of marriage,Male,No,,7118
Petitions,2003,1,n/a,Dissolution of marriage,Male,Yes,,7089
Petitions,2003,1,n/a,Dissolution of marriage,Unknown/Unspecified,No,,76
Petitions,2003,1,n/a,Dissolution of marriage,Unknown/Unspecified,Yes,,13
Petitions,2003,1,n/a,Judicial separation,Female,No,,106
Petitions,2003,1,n/a,Judicial separation,Female,Yes,,87
Petitions,2003,1,n/a,Judicial separation,Male,No,,36
Petitions,2003,1,n/a,Judicial separation,Male,Yes,,10
Petitions,2003,1,n/a,Judicial separation,Unknown/Unspecified,No,,2
Petitions,2003,1,n/a,Nullity of marriage,Female,No,,52
Petitions,2003,1,n/a,Nullity of marriage,Female,Yes,,8
Petitions,2003,1,n/a,Nullity of marriage,Male,No,,33
Petitions,2003,1,n/a,Nullity of marriage,Male,Yes,,2
Petitions,2003,1,n/a,Nullity of marriage,Unknown/Unspecified,No,,1
Petitions,2003,2,n/a,Dissolution of marriage,Female,No,,11159
Petitions,2003,2,n/a,Dissolution of marriage,Female,Yes,,17852
Petitions,2003,2,n/a,Dissolution of marriage,Male,No,,6368
Petitions,2003,2,n/a,Dissolution of marriage,Male,Yes,,6436
Petitions,2003,2,n/a,Dissolution of marriage,Unknown/Unspecified,No,,84
Petitions,2003,2,n/a,Dissolution of marriage,Unknown/Unspecified,Yes,,4
Petitions,2003,2,n/a,Judicial separation,Female,No,,71
Petitions,2003,2,n/a,Judicial separation,Female,Yes,,83
Petitions,2003,2,n/a,Judicial separation,Male,No,,25
Petitions,2003,2,n/a,Judicial separation,Male,Yes,,16
Petitions,2003,2,n/a,Nullity of marriage,Female,No,,72
Petitions,2003,2,n/a,Nullity of marriage,Female,Yes,,16
Petitions,2003,2,n/a,Nullity of marriage,Male,No,,36
Petitions,2003,2,n/a,Nullity of marriage,Male,Yes,,6
Petitions,2003,3,n/a,Dissolution of marriage,Female,No,,11744
Petitions,2003,3,n/a,Dissolution of marriage,Female,Yes,,18245
Petitions,2003,3,n/a,Dissolution of marriage,Male,No,,6615
Petitions,2003,3,n/a,Dissolution of marriage,Male,Yes,,6551
Petitions,2003,3,n/a,Dissolution of marriage,Unknown/Unspecified,No,,95
Petitions,2003,3,n/a,Dissolution of marriage,Unknown/Unspecified,Yes,,5
Petitions,2003,3,n/a,Judicial separation,Female,No,,81
Petitions,2003,3,n/a,Judicial separation,Female,Yes,,97
Petitions,2003,3,n/a,Judicial separation,Male,No,,21
Petitions,2003,3,n/a,Judicial separation,Male,Yes,,12
Petitions,2003,3,n/a,Nullity of marriage,Female,No,,62
Petitions,2003,3,n/a,Nullity of marriage,Female,Yes,,8
Petitions,2003,3,n/a,Nullity of marriage,Male,No,,36
Petitions,2003,3,n/a,Nullity of marriage,Male,Yes,,4
Petitions,2003,4,n/a,Dissolution of marriage,Female,No,,10927
Petitions,2003,4,n/a,Dissolution of marriage,Female,Yes,,17433
Petitions,2003,4,n/a,Dissolution of marriage,Male,No,,6445
Petitions,2003,4,n/a,Dissolution of marriage,Male,Yes,,6222
Petitions,2003,4,n/a,Dissolution of marriage,Unknown/Unspecified,No,,83
Petitions,2003,4,n/a,Dissolution of marriage,Unknown/Unspecified,Yes,,3
Petitions,2003,4,n/a,Judicial separation,Female,No,,64
Petitions,2003,4,n/a,Judicial separation,Female,Yes,,67
Petitions,2003,4,n/a,Judicial separation,Male,No,,25
Petitions,2003,4,n/a,Judicial separation,Male,Yes,,14
Petitions,2003,4,n/a,Nullity of marriage,Female,No,,56
Petitions,2003,4,n/a,Nullity of marriage,Female,Yes,,18
Petitions,2003,4,n/a,Nullity of marriage,Male,No,,44
Petitions,2003,4,n/a,Nullity of marriage,Male,Yes,,2
Petitions,2004,1,n/a,Dissolution of marriage,Female,No,,12303
Petitions,2004,1,n/a,Dissolution of marriage,Female,Yes,,18446
Petitions,2004,1,n/a,Dissolution of marriage,Male,No,,7328
Petitions,2004,1,n/a,Dissolution of marriage,Male,Yes,,6922
Petitions,2004,1,n/a,Dissolution of marriage,Unknown/Unspecified,No,,77
Petitions,2004,1,n/a,Dissolution of marriage,Unknown/Unspecified,Yes,,3
Petitions,2004,1,n/a,Judicial separation,Female,No,,75
Petitions,2004,1,n/a,Judicial separation,Female,Yes,,79
Petitions,2004,1,n/a,Judicial separation,Male,No,,37
Petitions,2004,1,n/a,Judicial separation,Male,Yes,,13
Petitions,2004,1,n/a,Judicial separation,Unknown/Unspecified,No,,1
Petitions,2004,1,n/a,Nullity of marriage,Female,No,,49
Petitions,2004,1,n/a,Nullity of marriage,Female,Yes,,13
Petitions,2004,1,n/a,Nullity of marriage,Male,No,,51
Petitions,2004,1,n/a,Nullity of marriage,Male,Yes,,4
Petitions,2004,2,n/a,Dissolution of marriage,Female,No,,11199
Petitions,2004,2,n/a,Dissolution of marriage,Female,Yes,,16622
Petitions,2004,2,n/a,Dissolution of marriage,Male,No,,6640
Petitions,2004,2,n/a,Dissolution of marriage,Male,Yes,,6163
Petitions,2004,2,n/a,Dissolution of marriage,Unknown/Unspecified,No,,65
Petitions,2004,2,n/a,Dissolution of marriage,Unknown/Unspecified,Yes,,4
Petitions,2004,2,n/a,Judicial separation,Female,No,,63
Petitions,2004,2,n/a,Judicial separation,Female,Yes,,66
Petitions,2004,2,n/a,Judicial separation,Male,No,,20
Petitions,2004,2,n/a,Judicial separation,Male,Yes,,9
Petitions,2004,2,n/a,Nullity of marriage,Female,No,,54
Petitions,2004,2,n/a,Nullity of marriage,Female,Yes,,17
Petitions,2004,2,n/a,Nullity of marriage,Male,No,,39
Petitions,2004,2,n/a,Nullity of marriage,Male,Yes,,4
Petitions,2004,2,n/a,Nullity of marriage,Unknown/Unspecified,No,,1
Petitions,2004,3,n/a,Dissolution of marriage,Female,No,,11685
Petitions,2004,3,n/a,Dissolution of marriage,Female,Yes,,16929
Petitions,2004,3,n/a,Dissolution of marriage,Male,No,,6831
Petitions,2004,3,n/a,Dissolution of marriage,Male,Yes,,6141
Petitions,2004,3,n/a,Dissolution of marriage,Unknown/Unspecified,No,,46
Petitions,2004,3,n/a,Dissolution of marriage,Unknown/Unspecified,Yes,,4
Petitions,2004,3,n/a,Judicial separation,Female,No,,81
Petitions,2004,3,n/a,Judicial separation,Female,Yes,,91
Petitions,2004,3,n/a,Judicial separation,Male,No,,26
Petitions,2004,3,n/a,Judicial separation,Male,Yes,,7
Petitions,2004,3,n/a,Judicial separation,Unknown/Unspecified,No,,1
Petitions,2004,3,n/a,Nullity of marriage,Female,No,,62
Petitions,2004,3,n/a,Nullity of marriage,Female,Yes,,9
Petitions,2004,3,n/a,Nullity of marriage,Male,No,,58
Petitions,2004,3,n/a,Nullity of marriage,Male,Yes,,4
Petitions,2004,4,n/a,Dissolution of marriage,Female,No,,10564
Petitions,2004,4,n/a,Dissolution of marriage,Female,Yes,,15705
Petitions,2004,4,n/a,Dissolution of marriage,Male,No,,6271
Petitions,2004,4,n/a,Dissolution of marriage,Male,Yes,,6008
Petitions,2004,4,n/a,Dissolution of marriage,Unknown/Unspecified,No,,46
Petitions,2004,4,n/a,Dissolution of marriage,Unknown/Unspecified,Yes,,9
Petitions,2004,4,n/a,Judicial separation,Female,No,,70
Petitions,2004,4,n/a,Judicial separation,Female,Yes,,66
Petitions,2004,4,n/a,Judicial separation,Male,No,,18
Petitions,2004,4,n/a,Judicial separation,Male,Yes,,17
Petitions,2004,4,n/a,Nullity of marriage,Female,No,,49
Petitions,2004,4,n/a,Nullity of marriage,Female,Yes,,17
Petitions,2004,4,n/a,Nullity of marriage,Male,No,,48
Petitions,2004,4,n/a,Nullity of marriage,Male,Yes,,2
Petitions,2005,1,n/a,Dissolution of marriage,Female,No,,10138
Petitions,2005,1,n/a,Dissolution of marriage,Female,Yes,,15466
Petitions,2005,1,n/a,Dissolution of marriage,Male,No,,6246
Petitions,2005,1,n/a,Dissolution of marriage,Male,Yes,,5656
Petitions,2005,1,n/a,Dissolution of marriage,Unknown/Unspecified,No,,43
Petitions,2005,1,n/a,Dissolution of marriage,Unknown/Unspecified,Yes,,3
Petitions,2005,1,n/a,Judicial separation,Female,No,,60
Petitions,2005,1,n/a,Judicial separation,Female,Yes,,66
Petitions,2005,1,n/a,Judicial separation,Male,No,,30
Petitions,2005,1,n/a,Judicial separation,Male,Yes,,11
Petitions,2005,1,n/a,Nullity of marriage,Female,No,,48
Petitions,2005,1,n/a,Nullity of marriage,Female,Yes,,8
Petitions,2005,1,n/a,Nullity of marriage,Male,No,,44
Petitions,2005,1,n/a,Nullity of marriage,Male,Yes,,5
Petitions,2005,2,n/a,Dissolution of marriage,Female,No,,10626
Petitions,2005,2,n/a,Dissolution of marriage,Female,Yes,,16195
Petitions,2005,2,n/a,Dissolution of marriage,Male,No,,6256
Petitions,2005,2,n/a,Dissolution of marriage,Male,Yes,,5962
Petitions,2005,2,n/a,Dissolution of marriage,Unknown/Unspecified,No,,44
Petitions,2005,2,n/a,Dissolution of marriage,Unknown/Unspecified,Yes,,4
Petitions,2005,2,n/a,Judicial separation,Female,No,,84
Petitions,2005,2,n/a,Judicial separation,Female,Yes,,82
Petitions,2005,2,n/a,Judicial separation,Male,No,,31
Petitions,2005,2,n/a,Judicial separation,Male,Yes,,13
Petitions,2005,2,n/a,Judicial separation,Unknown/Unspecified,No,,1
Petitions,2005,2,n/a,Nullity of marriage,Female,No,,48
Petitions,2005,2,n/a,Nullity of marriage,Female,Yes,,11
Petitions,2005,2,n/a,Nullity of marriage,Male,No,,41
Petitions,2005,2,n/a,Nullity of marriage,Male,Yes,,4
Petitions,2005,3,n/a,Dissolution of marriage,Female,No,,10633
Petitions,2005,3,n/a,Dissolution of marriage,Female,Yes,,15456
Petitions,2005,3,n/a,Dissolution of marriage,Male,No,,6247
Petitions,2005,3,n/a,Dissolution of marriage,Male,Yes,,5693
Petitions,2005,3,n/a,Dissolution of marriage,Unknown/Unspecified,No,,53
Petitions,2005,3,n/a,Dissolution of marriage,Unknown/Unspecified,Yes,,3
Petitions,2005,3,n/a,Judicial separation,Female,No,,75
Petitions,2005,3,n/a,Judicial separation,Female,Yes,,63
Petitions,2005,3,n/a,Judicial separation,Male,No,,21
Petitions,2005,3,n/a,Judicial separation,Male,Yes,,10
Petitions,2005,3,n/a,Nullity of marriage,Female,No,,49
Petitions,2005,3,n/a,Nullity of marriage,Female,Yes,,11
Petitions,2005,3,n/a,Nullity of marriage,Male,No,,43
Petitions,2005,3,n/a,Nullity of marriage,Male,Yes,,5
Petitions,2005,4,n/a,Dissolution of marriage,Female,No,,9736
Petitions,2005,4,n/a,Dissolution of marriage,Female,Yes,,14693
Petitions,2005,4,n/a,Dissolution of marriage,Male,No,,5801
Petitions,2005,4,n/a,Dissolution of marriage,Male,Yes,,5425
Petitions,2005,4,n/a,Dissolution of marriage,Unknown/Unspecified,No,,40
Petitions,2005,4,n/a,Dissolution of marriage,Unknown/Unspecified,Yes,,3
Petitions,2005,4,n/a,Judicial separation,Female,No,,46
Petitions,2005,4,n/a,Judicial separation,Female,Yes,,67
Petitions,2005,4,n/a,Judicial separation,Male,No,,23
Petitions,2005,4,n/a,Judicial separation,Male,Yes,,8
Petitions,2005,4,n/a,Nullity of marriage,Female,No,,46
Petitions,2005,4,n/a,Nullity of marriage,Female,Yes,,10
Petitions,2005,4,n/a,Nullity of marriage,Male,No,,47
Petitions,2005,4,n/a,Nullity of marriage,Male,Yes,,5
Petitions,2006,1,n/a,Dissolution of marriage,Female,No,,10590
Petitions,2006,1,n/a,Dissolution of marriage,Female,Yes,,15741
Petitions,2006,1,n/a,Dissolution of marriage,Male,No,,6262
Petitions,2006,1,n/a,Dissolution of marriage,Male,Yes,,5657
Petitions,2006,1,n/a,Dissolution of marriage,Unknown/Unspecified,No,,61
Petitions,2006,1,n/a,Dissolution of marriage,Unknown/Unspecified,Yes,,5
Petitions,2006,1,n/a,Judicial separation,Female,No,,67
Petitions,2006,1,n/a,Judicial separation,Female,Yes,,76
Petitions,2006,1,n/a,Judicial separation,Male,No,,27
Petitions,2006,1,n/a,Judicial separation,Male,Yes,,8
Petitions,2006,1,n/a,Judicial separation,Unknown/Unspecified,Yes,,1
Petitions,2006,1,n/a,Nullity of marriage,Female,No,,53
Petitions,2006,1,n/a,Nullity of marriage,Female,Yes,,10
Petitions,2006,1,n/a,Nullity of marriage,Male,No,,40
Petitions,2006,1,n/a,Nullity of marriage,Male,Yes,,5
Petitions,2006,2,n/a,Dissolution of marriage,Female,No,,10051
Petitions,2006,2,n/a,Dissolution of marriage,Female,Yes,,14808
Petitions,2006,2,n/a,Dissolution of marriage,Male,No,,5946
Petitions,2006,2,n/a,Dissolution of marriage,Male,Yes,,5528
Petitions,2006,2,n/a,Dissolution of marriage,Unknown/Unspecified,No,,34
Petitions,2006,2,n/a,Dissolution of marriage,Unknown/Unspecified,Yes,,3
Petitions,2006,2,n/a,Judicial separation,Female,No,,50
Petitions,2006,2,n/a,Judicial separation,Female,Yes,,63
Petitions,2006,2,n/a,Judicial separation,Male,No,,22
Petitions,2006,2,n/a,Judicial separation,Male,Yes,,9
Petitions,2006,2,n/a,Nullity of marriage,Female,No,,49
Petitions,2006,2,n/a,Nullity of marriage,Female,Yes,,9
Petitions,2006,2,n/a,Nullity of marriage,Male,No,,36
Petitions,2006,2,n/a,Nullity of marriage,Male,Yes,,5
Petitions,2006,3,n/a,Dissolution of marriage,Female,No,,10251
Petitions,2006,3,n/a,Dissolution of marriage,Female,Yes,,15394
Petitions,2006,3,n/a,Dissolution of marriage,Male,No,,6119
Petitions,2006,3,n/a,Dissolution of marriage,Male,Yes,,5359
Petitions,2006,3,n/a,Dissolution of marriage,Unknown/Unspecified,No,,43
Petitions,2006,3,n/a,Dissolution of marriage,Unknown/Unspecified,Yes,,2
Petitions,2006,3,n/a,Judicial separation,Female,No,,47
Petitions,2006,3,n/a,Judicial separation,Female,Yes,,60
Petitions,2006,3,n/a,Judicial separation,Male,No,,18
Petitions,2006,3,n/a,Judicial separation,Male,Yes,,11
Petitions,2006,3,n/a,Judicial separation,Unknown/Unspecified,No,,1
Petitions,2006,3,n/a,Nullity of marriage,Female,No,,44
Petitions,2006,3,n/a,Nullity of marriage,Female,Yes,,13
Petitions,2006,3,n/a,Nullity of marriage,Male,No,,30
Petitions,2006,3,n/a,Nullity of marriage,Male,Yes,,6
Petitions,2006,4,n/a,Dissolution of marriage,Female,No,,9739
Petitions,2006,4,n/a,Dissolution of marriage,Female,Yes,,14488
Petitions,2006,4,n/a,Dissolution of marriage,Male,No,,5786
Petitions,2006,4,n/a,Dissolution of marriage,Male,Yes,,5350
Petitions,2006,4,n/a,Dissolution of marriage,Unknown/Unspecified,No,,20
Petitions,2006,4,n/a,Dissolution of marriage,Unknown/Unspecified,Yes,,1
Petitions,2006,4,n/a,Judicial separation,Female,No,,55
Petitions,2006,4,n/a,Judicial separation,Female,Yes,,59
Petitions,2006,4,n/a,Judicial separation,Male,No,,23
Petitions,2006,4,n/a,Judicial separation,Male,Yes,,8
Petitions,2006,4,n/a,Nullity of marriage,Female,No,,34
Petitions,2006,4,n/a,Nullity of marriage,Female,Yes,,9
Petitions,2006,4,n/a,Nullity of marriage,Male,No,,43
Petitions,2006,4,n/a,Nullity of marriage,Male,Yes,,3
Petitions,2007,1,n/a,Dissolution of marriage,Female,No,,10556
Petitions,2007,1,n/a,Dissolution of marriage,Female,Yes,,15400
Petitions,2007,1,n/a,Dissolution of marriage,Male,No,,6287
Petitions,2007,1,n/a,Dissolution of marriage,Male,Yes,,5777
Petitions,2007,1,n/a,Dissolution of marriage,Unknown/Unspecified,No,,33
Petitions,2007,1,n/a,Dissolution of marriage,Unknown/Unspecified,Yes,,1
Petitions,2007,1,n/a,Judicial separation,Female,No,,49
Petitions,2007,1,n/a,Judicial separation,Female,Yes,,58
Petitions,2007,1,n/a,Judicial separation,Male,No,,21
Petitions,2007,1,n/a,Judicial separation,Male,Yes,,15
Petitions,2007,1,n/a,Nullity of marriage,Female,No,,30
Petitions,2007,1,n/a,Nullity of marriage,Female,Yes,,11
Petitions,2007,1,n/a,Nullity of marriage,Male,No,,26
Petitions,2007,1,n/a,Nullity of marriage,Male,Yes,,4
Petitions,2007,2,n/a,Dissolution of marriage,Female,No,,9863
Petitions,2007,2,n/a,Dissolution of marriage,Female,Yes,,14323
Petitions,2007,2,n/a,Dissolution of marriage,Male,No,,5937
Petitions,2007,2,n/a,Dissolution of marriage,Male,Yes,,5299
Petitions,2007,2,n/a,Dissolution of marriage,Unknown/Unspecified,No,,29
Petitions,2007,2,n/a,Judicial separation,Female,No,,55
Petitions,2007,2,n/a,Judicial separation,Female,Yes,,50
Petitions,2007,2,n/a,Judicial separation,Male,No,,21
Petitions,2007,2,n/a,Judicial separation,Male,Yes,,11
Petitions,2007,2,n/a,Judicial separation,Unknown/Unspecified,No,,1
Petitions,2007,2,n/a,Nullity of marriage,Female,No,,40
Petitions,2007,2,n/a,Nullity of marriage,Female,Yes,,13
Petitions,2007,2,n/a,Nullity of marriage,Male,No,,37
Petitions,2007,2,n/a,Nullity of marriage,Male,Yes,,3
Petitions,2007,3,n/a,Dissolution of marriage,Female,No,,10078
Petitions,2007,3,n/a,Dissolution of marriage,Female,Yes,,14385
Petitions,2007,3,n/a,Dissolution of marriage,Male,No,,5968
Petitions,2007,3,n/a,Dissolution of marriage,Male,Yes,,5321
Petitions,2007,3,n/a,Dissolution of marriage,Unknown/Unspecified,No,,32
Petitions,2007,3,n/a,Judicial separation,Female,No,,47
Petitions,2007,3,n/a,Judicial separation,Female,Yes,,63
Petitions,2007,3,n/a,Judicial separation,Male,No,,18
Petitions,2007,3,n/a,Judicial separation,Male,Yes,,8
Petitions,2007,3,n/a,Nullity of marriage,Female,No,,44
Petitions,2007,3,n/a,Nullity of marriage,Female,Yes,,7
Petitions,2007,3,n/a,Nullity of marriage,Male,No,,37
Petitions,2007,3,n/a,Nullity of marriage,Male,Yes,,6
Petitions,2007,4,n/a,Dissolution of marriage,Female,No,,8008
Petitions,2007,4,n/a,Dissolution of marriage,Female,Yes,,9405
Petitions,2007,4,n/a,Dissolution of marriage,Male,No,,5258
Petitions,2007,4,n/a,Dissolution of marriage,Male,Yes,,4203
Petitions,2007,4,n/a,Dissolution of marriage,Unknown/Unspecified,No,,24
Petitions,2007,4,n/a,Judicial separation,Female,No,,34
Petitions,2007,4,n/a,Judicial separation,Female,Yes,,29
Petitions,2007,4,n/a,Judicial separation,Male,No,,15
Petitions,2007,4,n/a,Judicial separation,Male,Yes,,3
Petitions,2007,4,n/a,Judicial separation,Unknown/Unspecified,No,,1
Petitions,2007,4,n/a,Nullity of marriage,Female,No,,40
Petitions,2007,4,n/a,Nullity of marriage,Female,Yes,,6
Petitions,2007,4,n/a,Nullity of marriage,Male,No,,29
Petitions,2007,4,n/a,Nullity of marriage,Male,Yes,,3
Petitions,2008,1,n/a,Dissolution of marriage,Female,No,,9310
Petitions,2008,1,n/a,Dissolution of marriage,Female,Yes,,12455
Petitions,2008,1,n/a,Dissolution of marriage,Male,No,,6137
Petitions,2008,1,n/a,Dissolution of marriage,Male,Yes,,4964
Petitions,2008,1,n/a,Dissolution of marriage,Unknown/Unspecified,No,,32
Petitions,2008,1,n/a,Dissolution of marriage,Unknown/Unspecified,Yes,,1
Petitions,2008,1,n/a,Judicial separation,Female,No,,50
Petitions,2008,1,n/a,Judicial separation,Female,Yes,,36
Petitions,2008,1,n/a,Judicial separation,Male,No,,19
Petitions,2008,1,n/a,Judicial separation,Male,Yes,,6
Petitions,2008,1,n/a,Nullity of marriage,Female,No,,42
Petitions,2008,1,n/a,Nullity of marriage,Female,Yes,,5
Petitions,2008,1,n/a,Nullity of marriage,Male,No,,19
Petitions,2008,1,n/a,Nullity of marriage,Male,Yes,,3
Petitions,2008,2,n/a,Dissolution of marriage,Female,No,,9407
Petitions,2008,2,n/a,Dissolution of marriage,Female,Yes,,12855
Petitions,2008,2,n/a,Dissolution of marriage,Male,No,,6084
Petitions,2008,2,n/a,Dissolution of marriage,Male,Yes,,5075
Petitions,2008,2,n/a,Dissolution of marriage,Unknown/Unspecified,No,,34
Petitions,2008,2,n/a,Dissolution of marriage,Unknown/Unspecified,Yes,,1
Petitions,2008,2,n/a,Judicial separation,Female,No,,43
Petitions,2008,2,n/a,Judicial separation,Female,Yes,,48
Petitions,2008,2,n/a,Judicial separation,Male,No,,9
Petitions,2008,2,n/a,Judicial separation,Male,Yes,,8
Petitions,2008,2,n/a,Nullity of marriage,Female,No,,38
Petitions,2008,2,n/a,Nullity of marriage,Female,Yes,,12
Petitions,2008,2,n/a,Nullity of marriage,Male,No,,27
Petitions,2008,2,n/a,Nullity of marriage,Male,Yes,,4
Petitions,2008,3,n/a,Dissolution of marriage,Female,No,,9391
Petitions,2008,3,n/a,Dissolution of marriage,Female,Yes,,12280
Petitions,2008,3,n/a,Dissolution of marriage,Male,No,,5928
Petitions,2008,3,n/a,Dissolution of marriage,Male,Yes,,4899
Petitions,2008,3,n/a,Dissolution of marriage,Unknown/Unspecified,No,,31
Petitions,2008,3,n/a,Dissolution of marriage,Unknown/Unspecified,Yes,,1
Petitions,2008,3,n/a,Judicial separation,Female,No,,51
Petitions,2008,3,n/a,Judicial separation,Female,Yes,,34
Petitions,2008,3,n/a,Judicial separation,Male,No,,12
Petitions,2008,3,n/a,Judicial separation,Male,Yes,,10
Petitions,2008,3,n/a,Nullity of marriage,Female,No,,48
Petitions,2008,3,n/a,Nullity of marriage,Female,Yes,,12
Petitions,2008,3,n/a,Nullity of marriage,Male,No,,32
Petitions,2008,3,n/a,Nullity of marriage,Male,Yes,,9
Petitions,2008,4,n/a,Dissolution of marriage,Female,No,,8279
Petitions,2008,4,n/a,Dissolution of marriage,Female,Yes,,11639
Petitions,2008,4,n/a,Dissolution of marriage,Male,No,,5408
Petitions,2008,4,n/a,Dissolution of marriage,Male,Yes,,4631
Petitions,2008,4,n/a,Dissolution of marriage,Unknown/Unspecified,No,,22
Petitions,2008,4,n/a,Judicial separation,Female,No,,33
Petitions,2008,4,n/a,Judicial separation,Female,Yes,,37
Petitions,2008,4,n/a,Judicial separation,Male,No,,17
Petitions,2008,4,n/a,Judicial separation,Male,Yes,,8
Petitions,2008,4,n/a,Nullity of marriage,Female,No,,37
Petitions,2008,4,n/a,Nullity of marriage,Female,Yes,,4
Petitions,2008,4,n/a,Nullity of marriage,Male,No,,36
Petitions,2008,4,n/a,Nullity of marriage,Male,Yes,,4
Petitions,2009,1,n/a,Dissolution of marriage,Female,No,,8988
Petitions,2009,1,n/a,Dissolution of marriage,Female,Yes,,12662
Petitions,2009,1,n/a,Dissolution of marriage,Male,No,,5982
Petitions,2009,1,n/a,Dissolution of marriage,Male,Yes,,4979
Petitions,2009,1,n/a,Dissolution of marriage,Unknown/Unspecified,No,,24
Petitions,2009,1,n/a,Dissolution of marriage,Unknown/Unspecified,Yes,,1
Petitions,2009,1,n/a,Judicial separation,Female,No,,30
Petitions,2009,1,n/a,Judicial separation,Female,Yes,,31
Petitions,2009,1,n/a,Judicial separation,Male,No,,19
Petitions,2009,1,n/a,Judicial separation,Male,Yes,,6
Petitions,2009,1,n/a,Judicial separation,Unknown/Unspecified,No,,1
Petitions,2009,1,n/a,Nullity of marriage,Female,No,,40
Petitions,2009,1,n/a,Nullity of marriage,Female,Yes,,6
Petitions,2009,1,n/a,Nullity of marriage,Male,No,,30
Petitions,2009,1,n/a,Nullity of marriage,Male,Yes,,4
Petitions,2009,1,n/a,Nullity of marriage,Unknown/Unspecified,No,,1
Petitions,2009,2,n/a,Dissolution of marriage,Female,No,,9063
Petitions,2009,2,n/a,Dissolution of marriage,Female,Yes,,12454
Petitions,2009,2,n/a,Dissolution of marriage,Male,No,,5873
Petitions,2009,2,n/a,Dissolution of marriage,Male,Yes,,5138
Petitions,2009,2,n/a,Dissolution of marriage,Unknown/Unspecified,No,,30
Petitions,2009,2,n/a,Dissolution of marriage,Unknown/Unspecified,Yes,,2
Petitions,2009,2,n/a,Judicial separation,Female,No,,47
Petitions,2009,2,n/a,Judicial separation,Female,Yes,,36
Petitions,2009,2,n/a,Judicial separation,Male,No,,15
Petitions,2009,2,n/a,Judicial separation,Male,Yes,,5
Petitions,2009,2,n/a,Judicial separation,Unknown/Unspecified,No,,1
Petitions,2009,2,n/a,Nullity of marriage,Female,No,,43
Petitions,2009,2,n/a,Nullity of marriage,Female,Yes,,8
Petitions,2009,2,n/a,Nullity of marriage,Male,No,,17
Petitions,2009,2,n/a,Nullity of marriage,Male,Yes,,5
Petitions,2009,3,n/a,Dissolution of marriage,Female,No,,9825
Petitions,2009,3,n/a,Dissolution of marriage,Female,Yes,,13199
Petitions,2009,3,n/a,Dissolution of marriage,Male,No,,6145
Petitions,2009,3,n/a,Dissolution of marriage,Male,Yes,,5273
Petitions,2009,3,n/a,Dissolution of marriage,Unknown/Unspecified,No,,30
Petitions,2009,3,n/a,Dissolution of marriage,Unknown/Unspecified,Yes,,5
Petitions,2009,3,n/a,Judicial separation,Female,No,,30
Petitions,2009,3,n/a,Judicial separation,Female,Yes,,28
Petitions,2009,3,n/a,Judicial separation,Male,No,,16
Petitions,2009,3,n/a,Judicial separation,Male,Yes,,8
Petitions,2009,3,n/a,Nullity of marriage,Female,No,,35
Petitions,2009,3,n/a,Nullity of marriage,Female,Yes,,5
Petitions,2009,3,n/a,Nullity of marriage,Male,No,,27
Petitions,2009,3,n/a,Nullity of marriage,Male,Yes,,3
Petitions,2009,4,n/a,Dissolution of marriage,Female,No,,9014
Petitions,2009,4,n/a,Dissolution of marriage,Female,Yes,,12616
Petitions,2009,4,n/a,Dissolution of marriage,Male,No,,5709
Petitions,2009,4,n/a,Dissolution of marriage,Male,Yes,,5104
Petitions,2009,4,n/a,Dissolution of marriage,Unknown/Unspecified,No,,32
Petitions,2009,4,n/a,Dissolution of marriage,Unknown/Unspecified,Yes,,1
Petitions,2009,4,n/a,Judicial separation,Female,No,,32
Petitions,2009,4,n/a,Judicial separation,Female,Yes,,38
Petitions,2009,4,n/a,Judicial separation,Male,No,,11
Petitions,2009,4,n/a,Judicial separation,Male,Yes,,8
Petitions,2009,4,n/a,Nullity of marriage,Female,No,,25
Petitions,2009,4,n/a,Nullity of marriage,Female,Yes,,12
Petitions,2009,4,n/a,Nullity of marriage,Male,No,,26
Petitions,2009,4,n/a,Nullity of marriage,Male,Yes,,4
Petitions,2010,1,n/a,Dissolution of marriage,Female,No,,9759
Petitions,2010,1,n/a,Dissolution of marriage,Female,Yes,,12886
Petitions,2010,1,n/a,Dissolution of marriage,Male,No,,6513
Petitions,2010,1,n/a,Dissolution of marriage,Male,Yes,,5385
Petitions,2010,1,n/a,Dissolution of marriage,Unknown/Unspecified,No,,43
Petitions,2010,1,n/a,Dissolution of marriage,Unknown/Unspecified,Yes,,3
Petitions,2010,1,n/a,Judicial separation,Female,No,,20
Petitions,2010,1,n/a,Judicial separation,Female,Yes,,32
Petitions,2010,1,n/a,Judicial separation,Male,No,,13
Petitions,2010,1,n/a,Judicial separation,Male,Yes,,10
Petitions,2010,1,n/a,Nullity of marriage,Female,No,,27
Petitions,2010,1,n/a,Nullity of marriage,Female,Yes,,8
Petitions,2010,1,n/a,Nullity of marriage,Male,No,,20
Petitions,2010,1,n/a,Nullity of marriage,Male,Yes,,8
Petitions,2010,1,n/a,Nullity of marriage,Unknown/Unspecified,No,,1
Petitions,2010,2,n/a,Dissolution of marriage,Female,No,,9412
Petitions,2010,2,n/a,Dissolution of marriage,Female,Yes,,12485
Petitions,2010,2,n/a,Dissolution of marriage,Male,No,,6274
Petitions,2010,2,n/a,Dissolution of marriage,Male,Yes,,5213
Petitions,2010,2,n/a,Dissolution of marriage,Unknown/Unspecified,No,,28
Petitions,2010,2,n/a,Dissolution of marriage,Unknown/Unspecified,Yes,,1
Petitions,2010,2,n/a,Judicial separation,Female,No,,32
Petitions,2010,2,n/a,Judicial separation,Female,Yes,,31
Petitions,2010,2,n/a,Judicial separation,Male,No,,9
Petitions,2010,2,n/a,Judicial separation,Male,Yes,,5
Petitions,2010,2,n/a,Nullity of marriage,Female,No,,44
Petitions,2010,2,n/a,Nullity of marriage,Female,Yes,,11
Petitions,2010,2,n/a,Nullity of marriage,Male,No,,25
Petitions,2010,2,n/a,Nullity of marriage,Male,Yes,,2
Petitions,2010,3,n/a,Dissolution of marriage,Female,No,,10034
Petitions,2010,3,n/a,Dissolution of marriage,Female,Yes,,12863
Petitions,2010,3,n/a,Dissolution of marriage,Male,No,,6527
Petitions,2010,3,n/a,Dissolution of marriage,Male,Yes,,5263
Petitions,2010,3,n/a,Dissolution of marriage,Unknown/Unspecified,No,,71
Petitions,2010,3,n/a,Dissolution of marriage,Unknown/Unspecified,Yes,,3
Petitions,2010,3,n/a,Judicial separation,Female,No,,25
Petitions,2010,3,n/a,Judicial separation,Female,Yes,,21
Petitions,2010,3,n/a,Judicial separation,Male,No,,12
Petitions,2010,3,n/a,Judicial separation,Male,Yes,,7
Petitions,2010,3,n/a,Nullity of marriage,Female,No,,47
Petitions,2010,3,n/a,Nullity of marriage,Female,Yes,,5
Petitions,2010,3,n/a,Nullity of marriage,Male,No,,32
Petitions,2010,3,n/a,Nullity of marriage,Male,Yes,,3
Petitions,2010,4,n/a,Dissolution of marriage,Female,No,,8635
Petitions,2010,4,n/a,Dissolution of marriage,Female,Yes,,11501
Petitions,2010,4,n/a,Dissolution of marriage,Male,No,,5775
Petitions,2010,4,n/a,Dissolution of marriage,Male,Yes,,4773
Petitions,2010,4,n/a,Dissolution of marriage,Unknown/Unspecified,No,,57
Petitions,2010,4,n/a,Judicial separation,Female,No,,41
Petitions,2010,4,n/a,Judicial separation,Female,Yes,,24
Petitions,2010,4,n/a,Judicial separation,Male,No,,13
Petitions,2010,4,n/a,Judicial separation,Male,Yes,,7
Petitions,2010,4,n/a,Nullity of marriage,Female,No,,28
Petitions,2010,4,n/a,Nullity of marriage,Female,Yes,,10
Petitions,2010,4,n/a,Nullity of marriage,Male,No,,25
Petitions,2010,4,n/a,Nullity of marriage,Male,Yes,,1
Petitions,2010,4,n/a,Nullity of marriage,Unknown/Unspecified,Yes,,1
Petitions,2011,1,n/a,Dissolution of marriage,Female,No,,9724
Petitions,2011,1,n/a,Dissolution of marriage,Female,Yes,,13038
Petitions,2011,1,n/a,Dissolution of marriage,Male,No,,6461
Petitions,2011,1,n/a,Dissolution of marriage,Male,Yes,,5401
Petitions,2011,1,n/a,Dissolution of marriage,Unknown/Unspecified,No,,34
Petitions,2011,1,n/a,Dissolution of marriage,Unknown/Unspecified,Yes,,2
Petitions,2011,1,n/a,Judicial separation,Female,No,,29
Petitions,2011,1,n/a,Judicial separation,Female,Yes,,35
Petitions,2011,1,n/a,Judicial separation,Male,No,,8
Petitions,2011,1,n/a,Judicial separation,Male,Yes,,7
Petitions,2011,1,n/a,Judicial separation,Unknown/Unspecified,No,,2
Petitions,2011,1,n/a,Nullity of marriage,Female,No,,34
Petitions,2011,1,n/a,Nullity of marriage,Female,Yes,,9
Petitions,2011,1,n/a,Nullity of marriage,Male,No,,32
Petitions,2011,1,n/a,Nullity of marriage,Male,Yes,,3
Petitions,2011,2,n/a,Dissolution of marriage,Female,No,,8427
Petitions,2011,2,n/a,Dissolution of marriage,Female,Yes,,10706
Petitions,2011,2,n/a,Dissolution of marriage,Male,No,,5817
Petitions,2011,2,n/a,Dissolution of marriage,Male,Yes,,4521
Petitions,2011,2,n/a,Dissolution of marriage,Unknown/Unspecified,No,,28
Petitions,2011,2,n/a,Judicial separation,Female,No,,28
Petitions,2011,2,n/a,Judicial separation,Female,Yes,,23
Petitions,2011,2,n/a,Judicial separation,Male,No,,7
Petitions,2011,2,n/a,Judicial separation,Male,Yes,,4
Petitions,2011,2,n/a,Nullity of marriage,Female,No,,30
Petitions,2011,2,n/a,Nullity of marriage,Female,Yes,,11
Petitions,2011,2,n/a,Nullity of marriage,Male,No,,27
Petitions,2011,2,n/a,Nullity of marriage,Male,Yes,,2
Petitions,2011,3,n/a,Dissolution of marriage,Female,No,,9894
Petitions,2011,3,n/a,Dissolution of marriage,Female,Yes,,12476
Petitions,2011,3,n/a,Dissolution of marriage,Male,No,,6685
Petitions,2011,3,n/a,Dissolution of marriage,Male,Yes,,5443
Petitions,2011,3,n/a,Dissolution of marriage,Unknown/Unspecified,No,,35
Petitions,2011,3,n/a,Dissolution of marriage,Unknown/Unspecified,Yes,,2
Petitions,2011,3,n/a,Judicial separation,Female,No,,13
Petitions,2011,3,n/a,Judicial separation,Female,Yes,,19
Petitions,2011,3,n/a,Judicial separation,Male,No,,2
Petitions,2011,3,n/a,Judicial separation,Male,Yes,,6
Petitions,2011,3,n/a,Nullity of marriage,Female,No,,57
Petitions,2011,3,n/a,Nullity of marriage,Female,Yes,,6
Petitions,2011,3,n/a,Nullity of marriage,Male,No,,27
Petitions,2011,3,n/a,Nullity of marriage,Male,Yes,,1
Petitions,2011,4,n/a,Dissolution of marriage,Female,No,,8606
Petitions,2011,4,n/a,Dissolution of marriage,Female,Yes,,11040
Petitions,2011,4,n/a,Dissolution of marriage,Male,No,,5928
Petitions,2011,4,n/a,Dissolution of marriage,Male,Yes,,5003
Petitions,2011,4,n/a,Dissolution of marriage,Unknown/Unspecified,No,,37
Petitions,2011,4,n/a,Dissolution of marriage,Unknown/Unspecified,Yes,,1
Petitions,2011,4,n/a,Judicial separation,Female,No,,22
Petitions,2011,4,n/a,Judicial separation,Female,Yes,,19
Petitions,2011,4,n/a,Judicial separation,Male,No,,5
Petitions,2011,4,n/a,Judicial separation,Male,Yes,,1
Petitions,2011,4,n/a,Nullity of marriage,Female,No,,53
Petitions,2011,4,n/a,Nullity of marriage,Female,Yes,,7
Petitions,2011,4,n/a,Nullity of marriage,Male,No,,41
Petitions,2011,4,n/a,Nullity of marriage,Male,Yes,,4
Petitions,2011,4,n/a,Nullity of marriage,Unknown/Unspecified,No,,1
Petitions,2012,1,n/a,Dissolution of marriage,Female,No,,9598
Petitions,2012,1,n/a,Dissolution of marriage,Female,Yes,,12083
Petitions,2012,1,n/a,Dissolution of marriage,Male,No,,6581
Petitions,2012,1,n/a,Dissolution of marriage,Male,Yes,,5416
Petitions,2012,1,n/a,Dissolution of marriage,Unknown/Unspecified,No,,30
Petitions,2012,1,n/a,Judicial separation,Female,No,,12
Petitions,2012,1,n/a,Judicial separation,Female,Yes,,29
Petitions,2012,1,n/a,Judicial separation,Male,No,,10
Petitions,2012,1,n/a,Judicial separation,Male,Yes,,6
Petitions,2012,1,n/a,Nullity of marriage,Female,No,,46
Petitions,2012,1,n/a,Nullity of marriage,Female,Yes,,7
Petitions,2012,1,n/a,Nullity of marriage,Male,No,,38
Petitions,2012,1,n/a,Nullity of marriage,Male,Yes,,5
Petitions,2012,2,n/a,Dissolution of marriage,Female,No,,8668
Petitions,2012,2,n/a,Dissolution of marriage,Female,Yes,,10859
Petitions,2012,2,n/a,Dissolution of marriage,Male,No,,6036
Petitions,2012,2,n/a,Dissolution of marriage,Male,Yes,,4903
Petitions,2012,2,n/a,Dissolution of marriage,Unknown/Unspecified,No,,33
Petitions,2012,2,n/a,Dissolution of marriage,Unknown/Unspecified,Yes,,3
Petitions,2012,2,n/a,Judicial separation,Female,No,,28
Petitions,2012,2,n/a,Judicial separation,Female,Yes,,22
Petitions,2012,2,n/a,Judicial separation,Male,No,,3
Petitions,2012,2,n/a,Judicial separation,Male,Yes,,4
Petitions,2012,2,n/a,Nullity of marriage,Female,No,,59
Petitions,2012,2,n/a,Nullity of marriage,Female,Yes,,4
Petitions,2012,2,n/a,Nullity of marriage,Male,No,,40
Petitions,2012,2,n/a,Nullity of marriage,Male,Yes,,6
Petitions,2012,3,n/a,Dissolution of marriage,Female,No,,9199
Petitions,2012,3,n/a,Dissolution of marriage,Female,Yes,,10906
Petitions,2012,3,n/a,Dissolution of marriage,Male,No,,6065
Petitions,2012,3,n/a,Dissolution of marriage,Male,Yes,,4862
Petitions,2012,3,n/a,Dissolution of marriage,Unknown/Unspecified,No,,41
Petitions,2012,3,n/a,Dissolution of marriage,Unknown/Unspecified,Yes,,1
Petitions,2012,3,n/a,Judicial separation,Female,No,,23
Petitions,2012,3,n/a,Judicial separation,Female,Yes,,23
Petitions,2012,3,n/a,Judicial separation,Male,No,,6
Petitions,2012,3,n/a,Judicial separation,Male,Yes,,2
Petitions,2012,3,n/a,Nullity of marriage,Female,No,,56
Petitions,2012,3,n/a,Nullity of marriage,Female,Yes,,7
Petitions,2012,3,n/a,Nullity of marriage,Male,No,,37
Petitions,2012,3,n/a,Nullity of marriage,Male,Yes,,6
Petitions,2012,3,n/a,Nullity of marriage,Unknown/Unspecified,No,,1
Petitions,2012,4,n/a,Dissolution of marriage,Female,No,,8464
Petitions,2012,4,n/a,Dissolution of marriage,Female,Yes,,10448
Petitions,2012,4,n/a,Dissolution of marriage,Male,No,,5734
Petitions,2012,4,n/a,Dissolution of marriage,Male,Yes,,4494
Petitions,2012,4,n/a,Dissolution of marriage,Unknown/Unspecified,No,,27
Petitions,2012,4,n/a,Judicial separation,Female,No,,17
Petitions,2012,4,n/a,Judicial separation,Female,Yes,,30
Petitions,2012,4,n/a,Judicial separation,Male,No,,8
Petitions,2012,4,n/a,Judicial separation,Male,Yes,,5
Petitions,2012,4,n/a,Nullity of marriage,Female,No,,67
Petitions,2012,4,n/a,Nullity of marriage,Female,Yes,,10
Petitions,2012,4,n/a,Nullity of marriage,Male,No,,50
Petitions,2012,4,n/a,Nullity of marriage,Male,Yes,,5
Petitions,2013,1,n/a,Dissolution of marriage,Female,No,,8830
Petitions,2013,1,n/a,Dissolution of marriage,Female,Yes,,11093
Petitions,2013,1,n/a,Dissolution of marriage,Male,No,,6023
Petitions,2013,1,n/a,Dissolution of marriage,Male,Yes,,4921
Petitions,2013,1,n/a,Dissolution of marriage,Unknown/Unspecified,No,,27
Petitions,2013,1,n/a,Dissolution of marriage,Unknown/Unspecified,Yes,,2
Petitions,2013,1,n/a,Judicial separation,Female,No,,17
Petitions,2013,1,n/a,Judicial separation,Female,Yes,,32
Petitions,2013,1,n/a,Judicial separation,Male,No,,15
Petitions,2013,1,n/a,Judicial separation,Male,Yes,,6
Petitions,2013,1,n/a,Nullity of marriage,Female,No,,77
Petitions,2013,1,n/a,Nullity of marriage,Female,Yes,,10
Petitions,2013,1,n/a,Nullity of marriage,Male,No,,60
Petitions,2013,1,n/a,Nullity of marriage,Male,Yes,,5
Petitions,2013,2,n/a,Dissolution of marriage,Female,No,,9215
Petitions,2013,2,n/a,Dissolution of marriage,Female,Yes,,11354
Petitions,2013,2,n/a,Dissolution of marriage,Male,No,,6286
Petitions,2013,2,n/a,Dissolution of marriage,Male,Yes,,5146
Petitions,2013,2,n/a,Dissolution of marriage,Unknown/Unspecified,No,,37
Petitions,2013,2,n/a,Judicial separation,Female,No,,23
Petitions,2013,2,n/a,Judicial separation,Female,Yes,,22
Petitions,2013,2,n/a,Judicial separation,Male,No,,7
Petitions,2013,2,n/a,Judicial separation,Male,Yes,,4
Petitions,2013,2,n/a,Nullity of marriage,Female,No,,68
Petitions,2013,2,n/a,Nullity of marriage,Female,Yes,,8
Petitions,2013,2,n/a,Nullity of marriage,Male,No,,61
Petitions,2013,2,n/a,Nullity of marriage,Male,Yes,,5
Petitions,2013,3,n/a,Dissolution of marriage,Female,No,,8412
Petitions,2013,3,n/a,Dissolution of marriage,Female,Yes,,9322
Petitions,2013,3,n/a,Dissolution of marriage,Male,No,,6143
Petitions,2013,3,n/a,Dissolution of marriage,Male,Yes,,4528
Petitions,2013,3,n/a,Dissolution of marriage,Unknown/Unspecified,No,,27
Petitions,2013,3,n/a,Dissolution of marriage,Unknown/Unspecified,Yes,,1
Petitions,2013,3,n/a,Judicial separation,Female,No,,9
Petitions,2013,3,n/a,Judicial separation,Female,Yes,,15
Petitions,2013,3,n/a,Judicial separation,Male,No,,8
Petitions,2013,3,n/a,Judicial separation,Male,Yes,,3
Petitions,2013,3,n/a,Nullity of marriage,Female,No,,69
Petitions,2013,3,n/a,Nullity of marriage,Female,Yes,,11
Petitions,2013,3,n/a,Nullity of marriage,Male,No,,58
Petitions,2013,3,n/a,Nullity of marriage,Male,Yes,,6
Petitions,2013,4,n/a,Dissolution of marriage,Female,No,,7765
Petitions,2013,4,n/a,Dissolution of marriage,Female,Yes,,8232
Petitions,2013,4,n/a,Dissolution of marriage,Male,No,,5635
Petitions,2013,4,n/a,Dissolution of marriage,Male,Yes,,4476
Petitions,2013,4,n/a,Dissolution of marriage,Unknown/Unspecified,No,,27
Petitions,2013,4,n/a,Dissolution of marriage,Unknown/Unspecified,Yes,,1
Petitions,2013,4,n/a,Judicial separation,Female,No,,26
Petitions,2013,4,n/a,Judicial separation,Female,Yes,,19
Petitions,2013,4,n/a,Judicial separation,Male,No,,13
Petitions,2013,4,n/a,Judicial separation,Male,Yes,,2
Petitions,2013,4,n/a,Nullity of marriage,Female,No,,63
Petitions,2013,4,n/a,Nullity of marriage,Female,Yes,,15
Petitions,2013,4,n/a,Nullity of marriage,Male,No,,52
Petitions,2013,4,n/a,Nullity of marriage,Male,Yes,,6
Petitions,2014,1,n/a,Dissolution of marriage,Female,No,,8421
Petitions,2014,1,n/a,Dissolution of marriage,Female,Yes,,9127
Petitions,2014,1,n/a,Dissolution of marriage,Male,No,,6235
Petitions,2014,1,n/a,Dissolution of marriage,Male,Yes,,4724
Petitions,2014,1,n/a,Dissolution of marriage,Unknown/Unspecified,No,,41
Petitions,2014,1,n/a,Judicial separation,Female,No,,25
Petitions,2014,1,n/a,Judicial separation,Female,Yes,,21
Petitions,2014,1,n/a,Judicial separation,Male,No,,5
Petitions,2014,1,n/a,Judicial separation,Male,Yes,,7
Petitions,2014,1,n/a,Nullity of marriage,Female,No,,70
Petitions,2014,1,n/a,Nullity of marriage,Female,Yes,,12
Petitions,2014,1,n/a,Nullity of marriage,Male,No,,59
Petitions,2014,1,n/a,Nullity of marriage,Male,Yes,,6
Petitions,2014,2,n/a,Dissolution of marriage,Female,No,,8789
Petitions,2014,2,n/a,Dissolution of marriage,Female,Yes,,8075
Petitions,2014,2,n/a,Dissolution of marriage,Male,No,,6518
Petitions,2014,2,n/a,Dissolution of marriage,Male,Yes,,4151
Petitions,2014,2,n/a,Dissolution of marriage,Unknown/Unspecified,No,,46
Petitions,2014,2,n/a,Dissolution of marriage,Unknown/Unspecified,Yes,,1
Petitions,2014,2,n/a,Judicial separation,Female,No,,16
Petitions,2014,2,n/a,Judicial separation,Female,Yes,,13
Petitions,2014,2,n/a,Judicial separation,Male,No,,8
Petitions,2014,2,n/a,Judicial separation,Male,Yes,,1
Petitions,2014,2,n/a,Nullity of marriage,Female,No,,61
Petitions,2014,2,n/a,Nullity of marriage,Female,Yes,,12
Petitions,2014,2,n/a,Nullity of marriage,Male,No,,39
Petitions,2014,2,n/a,Nullity of marriage,Male,Yes,,6
Petitions,2014,3,n/a,Dissolution of marriage,Female,No,,9958
Petitions,2014,3,n/a,Dissolution of marriage,Female,Yes,,7938
Petitions,2014,3,n/a,Dissolution of marriage,Male,No,,7051
Petitions,2014,3,n/a,Dissolution of marriage,Male,Yes,,4130
Petitions,2014,3,n/a,Dissolution of marriage,Unknown/Unspecified,No,,58
Petitions,2014,3,n/a,Dissolution of marriage,Unknown/Unspecified,Yes,,8
Petitions,2014,3,n/a,Judicial separation,Female,No,,25
Petitions,2014,3,n/a,Judicial separation,Female,Yes,,25
Petitions,2014,3,n/a,Judicial separation,Male,No,,9
Petitions,2014,3,n/a,Judicial separation,Male,Yes,,4
Petitions,2014,3,n/a,Nullity of marriage,Female,No,,63
Petitions,2014,3,n/a,Nullity of marriage,Female,Yes,,7
Petitions,2014,3,n/a,Nullity of marriage,Male,No,,57
Petitions,2014,3,n/a,Nullity of marriage,Male,Yes,,1
Order Made,2003,1,Decree Nisis,Dissolution of marriage,n/a,n/a,No,37892
Order Made,2003,1,Decree Nisis,Dissolution of marriage,n/a,n/a,Unknown,684
Order Made,2003,1,Decree Nisis,Dissolution of marriage,n/a,n/a,Yes,881
Order Made,2003,1,Decree Nisis,Nullity of marriage,n/a,n/a,No,47
Order Made,2003,1,Decree Nisis,Nullity of marriage,n/a,n/a,Unknown,5
Order Made,2003,1,Decree Nisis,Nullity of marriage,n/a,n/a,Yes,3
Order Made,2003,2,Decree Nisis,Dissolution of marriage,n/a,n/a,No,37812
Order Made,2003,2,Decree Nisis,Dissolution of marriage,n/a,n/a,Unknown,679
Order Made,2003,2,Decree Nisis,Dissolution of marriage,n/a,n/a,Yes,869
Order Made,2003,2,Decree Nisis,Nullity of marriage,n/a,n/a,No,50
Order Made,2003,2,Decree Nisis,Nullity of marriage,n/a,n/a,Unknown,3
Order Made,2003,2,Decree Nisis,Nullity of marriage,n/a,n/a,Yes,3
Order Made,2003,3,Decree Nisis,Dissolution of marriage,n/a,n/a,No,38346
Order Made,2003,3,Decree Nisis,Dissolution of marriage,n/a,n/a,Unknown,664
Order Made,2003,3,Decree Nisis,Dissolution of marriage,n/a,n/a,Yes,847
Order Made,2003,3,Decree Nisis,Nullity of marriage,n/a,n/a,No,39
Order Made,2003,3,Decree Nisis,Nullity of marriage,n/a,n/a,Unknown,3
Order Made,2003,3,Decree Nisis,Nullity of marriage,n/a,n/a,Yes,1
Order Made,2003,4,Decree Nisis,Dissolution of marriage,n/a,n/a,No,36317
Order Made,2003,4,Decree Nisis,Dissolution of marriage,n/a,n/a,Unknown,653
Order Made,2003,4,Decree Nisis,Dissolution of marriage,n/a,n/a,Yes,800
Order Made,2003,4,Decree Nisis,Nullity of marriage,n/a,n/a,No,38
Order Made,2003,4,Decree Nisis,Nullity of marriage,n/a,n/a,Unknown,6
Order Made,2003,4,Decree Nisis,Nullity of marriage,n/a,n/a,Yes,3
Order Made,2004,1,Decree Nisis,Dissolution of marriage,n/a,n/a,No,38366
Order Made,2004,1,Decree Nisis,Dissolution of marriage,n/a,n/a,Unknown,655
Order Made,2004,1,Decree Nisis,Dissolution of marriage,n/a,n/a,Yes,871
Order Made,2004,1,Decree Nisis,Nullity of marriage,n/a,n/a,No,81
Order Made,2004,1,Decree Nisis,Nullity of marriage,n/a,n/a,Unknown,6
Order Made,2004,1,Decree Nisis,Nullity of marriage,n/a,n/a,Yes,1
Order Made,2004,2,Decree Nisis,Dissolution of marriage,n/a,n/a,No,37525
Order Made,2004,2,Decree Nisis,Dissolution of marriage,n/a,n/a,Unknown,707
Order Made,2004,2,Decree Nisis,Dissolution of marriage,n/a,n/a,Yes,908
Order Made,2004,2,Decree Nisis,Nullity of marriage,n/a,n/a,No,64
Order Made,2004,2,Decree Nisis,Nullity of marriage,n/a,n/a,Unknown,4
Order Made,2004,2,Decree Nisis,Nullity of marriage,n/a,n/a,Yes,1
Order Made,2004,3,Decree Nisis,Dissolution of marriage,n/a,n/a,No,38584
Order Made,2004,3,Decree Nisis,Dissolution of marriage,n/a,n/a,Unknown,717
Order Made,2004,3,Decree Nisis,Dissolution of marriage,n/a,n/a,Yes,958
Order Made,2004,3,Decree Nisis,Nullity of marriage,n/a,n/a,No,51
Order Made,2004,3,Decree Nisis,Nullity of marriage,n/a,n/a,Unknown,3
Order Made,2004,3,Decree Nisis,Nullity of marriage,n/a,n/a,Yes,3
Order Made,2004,4,Decree Nisis,Dissolution of marriage,n/a,n/a,No,34378
Order Made,2004,4,Decree Nisis,Dissolution of marriage,n/a,n/a,Unknown,631
Order Made,2004,4,Decree Nisis,Dissolution of marriage,n/a,n/a,Yes,807
Order Made,2004,4,Decree Nisis,Nullity of marriage,n/a,n/a,No,75
Order Made,2004,4,Decree Nisis,Nullity of marriage,n/a,n/a,Unknown,5
Order Made,2004,4,Decree Nisis,Nullity of marriage,n/a,n/a,Yes,4
Order Made,2005,1,Decree Nisis,Dissolution of marriage,n/a,n/a,No,35177
Order Made,2005,1,Decree Nisis,Dissolution of marriage,n/a,n/a,Unknown,710
Order Made,2005,1,Decree Nisis,Dissolution of marriage,n/a,n/a,Yes,852
Order Made,2005,1,Decree Nisis,Nullity of marriage,n/a,n/a,No,55
Order Made,2005,1,Decree Nisis,Nullity of marriage,n/a,n/a,Unknown,2
Order Made,2005,1,Decree Nisis,Nullity of marriage,n/a,n/a,Yes,4
Order Made,2005,2,Decree Nisis,Dissolution of marriage,n/a,n/a,No,34798
Order Made,2005,2,Decree Nisis,Dissolution of marriage,n/a,n/a,Unknown,657
Order Made,2005,2,Decree Nisis,Dissolution of marriage,n/a,n/a,Yes,780
Order Made,2005,2,Decree Nisis,Nullity of marriage,n/a,n/a,No,48
Order Made,2005,2,Decree Nisis,Nullity of marriage,n/a,n/a,Unknown,4
Order Made,2005,2,Decree Nisis,Nullity of marriage,n/a,n/a,Yes,2
Order Made,2005,3,Decree Nisis,Dissolution of marriage,n/a,n/a,No,34345
Order Made,2005,3,Decree Nisis,Dissolution of marriage,n/a,n/a,Unknown,738
Order Made,2005,3,Decree Nisis,Dissolution of marriage,n/a,n/a,Yes,767
Order Made,2005,3,Decree Nisis,Nullity of marriage,n/a,n/a,No,58
Order Made,2005,3,Decree Nisis,Nullity of marriage,n/a,n/a,Unknown,4
Order Made,2005,3,Decree Nisis,Nullity of marriage,n/a,n/a,Yes,2
Order Made,2005,4,Decree Nisis,Dissolution of marriage,n/a,n/a,No,30967
Order Made,2005,4,Decree Nisis,Dissolution of marriage,n/a,n/a,Unknown,590
Order Made,2005,4,Decree Nisis,Dissolution of marriage,n/a,n/a,Yes,711
Order Made,2005,4,Decree Nisis,Nullity of marriage,n/a,n/a,No,73
Order Made,2005,4,Decree Nisis,Nullity of marriage,n/a,n/a,Unknown,2
Order Made,2005,4,Decree Nisis,Nullity of marriage,n/a,n/a,Yes,3
Order Made,2006,1,Decree Nisis,Dissolution of marriage,n/a,n/a,No,33614
Order Made,2006,1,Decree Nisis,Dissolution of marriage,n/a,n/a,Unknown,702
Order Made,2006,1,Decree Nisis,Dissolution of marriage,n/a,n/a,Yes,761
Order Made,2006,1,Decree Nisis,Nullity of marriage,n/a,n/a,No,63
Order Made,2006,1,Decree Nisis,Nullity of marriage,n/a,n/a,Unknown,1
Order Made,2006,1,Decree Nisis,Nullity of marriage,n/a,n/a,Yes,3
Order Made,2006,2,Decree Nisis,Dissolution of marriage,n/a,n/a,No,31652
Order Made,2006,2,Decree Nisis,Dissolution of marriage,n/a,n/a,Unknown,615
Order Made,2006,2,Decree Nisis,Dissolution of marriage,n/a,n/a,Yes,746
Order Made,2006,2,Decree Nisis,Nullity of marriage,n/a,n/a,No,61
Order Made,2006,2,Decree Nisis,Nullity of marriage,n/a,n/a,Unknown,1
Order Made,2006,2,Decree Nisis,Nullity of marriage,n/a,n/a,Yes,4
Order Made,2006,3,Decree Nisis,Dissolution of marriage,n/a,n/a,No,32312
Order Made,2006,3,Decree Nisis,Dissolution of marriage,n/a,n/a,Unknown,648
Order Made,2006,3,Decree Nisis,Dissolution of marriage,n/a,n/a,Yes,722
Order Made,2006,3,Decree Nisis,Nullity of marriage,n/a,n/a,No,44
Order Made,2006,3,Decree Nisis,Nullity of marriage,n/a,n/a,Yes,2
Order Made,2006,4,Decree Nisis,Dissolution of marriage,n/a,n/a,No,31949
Order Made,2006,4,Decree Nisis,Dissolution of marriage,n/a,n/a,Unknown,720
Order Made,2006,4,Decree Nisis,Dissolution of marriage,n/a,n/a,Yes,727
Order Made,2006,4,Decree Nisis,Nullity of marriage,n/a,n/a,No,55
Order Made,2006,4,Decree Nisis,Nullity of marriage,n/a,n/a,Unknown,1
Order Made,2006,4,Decree Nisis,Nullity of marriage,n/a,n/a,Yes,3
Order Made,2007,1,Decree Nisis,Dissolution of marriage,n/a,n/a,No,33276
Order Made,2007,1,Decree Nisis,Dissolution of marriage,n/a,n/a,Unknown,775
Order Made,2007,1,Decree Nisis,Dissolution of marriage,n/a,n/a,Yes,725
Order Made,2007,1,Decree Nisis,Nullity of marriage,n/a,n/a,No,41
Order Made,2007,1,Decree Nisis,Nullity of marriage,n/a,n/a,Unknown,1
Order Made,2007,1,Decree Nisis,Nullity of marriage,n/a,n/a,Yes,1
Order Made,2007,2,Decree Nisis,Dissolution of marriage,n/a,n/a,No,31084
Order Made,2007,2,Decree Nisis,Dissolution of marriage,n/a,n/a,Unknown,693
Order Made,2007,2,Decree Nisis,Dissolution of marriage,n/a,n/a,Yes,628
Order Made,2007,2,Decree Nisis,Nullity of marriage,n/a,n/a,No,52
Order Made,2007,2,Decree Nisis,Nullity of marriage,n/a,n/a,Unknown,2
Order Made,2007,2,Decree Nisis,Nullity of marriage,n/a,n/a,Yes,1
Order Made,2007,3,Decree Nisis,Dissolution of marriage,n/a,n/a,No,32581
Order Made,2007,3,Decree Nisis,Dissolution of marriage,n/a,n/a,Unknown,892
Order Made,2007,3,Decree Nisis,Dissolution of marriage,n/a,n/a,Yes,706
Order Made,2007,3,Decree Nisis,Nullity of marriage,n/a,n/a,No,36
Order Made,2007,3,Decree Nisis,Nullity of marriage,n/a,n/a,Unknown,3
Order Made,2007,3,Decree Nisis,Nullity of marriage,n/a,n/a,Yes,3
Order Made,2007,4,Decree Nisis,Dissolution of marriage,n/a,n/a,No,30167
Order Made,2007,4,Decree Nisis,Dissolution of marriage,n/a,n/a,Unknown,791
Order Made,2007,4,Decree Nisis,Dissolution of marriage,n/a,n/a,Yes,624
Order Made,2007,4,Decree Nisis,Nullity of marriage,n/a,n/a,No,44
Order Made,2007,4,Decree Nisis,Nullity of marriage,n/a,n/a,Unknown,2
Order Made,2007,4,Decree Nisis,Nullity of marriage,n/a,n/a,Yes,2
Order Made,2008,1,Decree Nisis,Dissolution of marriage,n/a,n/a,No,29786
Order Made,2008,1,Decree Nisis,Dissolution of marriage,n/a,n/a,Unknown,782
Order Made,2008,1,Decree Nisis,Dissolution of marriage,n/a,n/a,Yes,692
Order Made,2008,1,Decree Nisis,Nullity of marriage,n/a,n/a,No,44
Order Made,2008,1,Decree Nisis,Nullity of marriage,n/a,n/a,Unknown,6
Order Made,2008,1,Decree Nisis,Nullity of marriage,n/a,n/a,Yes,5
Order Made,2008,2,Decree Nisis,Dissolution of marriage,n/a,n/a,No,28431
Order Made,2008,2,Decree Nisis,Dissolution of marriage,n/a,n/a,Unknown,694
Order Made,2008,2,Decree Nisis,Dissolution of marriage,n/a,n/a,Yes,570
Order Made,2008,2,Decree Nisis,Nullity of marriage,n/a,n/a,No,46
Order Made,2008,2,Decree Nisis,Nullity of marriage,n/a,n/a,Unknown,4
Order Made,2008,2,Decree Nisis,Nullity of marriage,n/a,n/a,Yes,3
Order Made,2008,3,Decree Nisis,Dissolution of marriage,n/a,n/a,No,30318
Order Made,2008,3,Decree Nisis,Dissolution of marriage,n/a,n/a,Unknown,829
Order Made,2008,3,Decree Nisis,Dissolution of marriage,n/a,n/a,Yes,570
Order Made,2008,3,Decree Nisis,Nullity of marriage,n/a,n/a,No,53
Order Made,2008,3,Decree Nisis,Nullity of marriage,n/a,n/a,Unknown,2
Order Made,2008,3,Decree Nisis,Nullity of marriage,n/a,n/a,Yes,3
Order Made,2008,4,Decree Nisis,Dissolution of marriage,n/a,n/a,No,26893
Order Made,2008,4,Decree Nisis,Dissolution of marriage,n/a,n/a,Unknown,747
Order Made,2008,4,Decree Nisis,Dissolution of marriage,n/a,n/a,Yes,540
Order Made,2008,4,Decree Nisis,Nullity of marriage,n/a,n/a,No,43
Order Made,2008,4,Decree Nisis,Nullity of marriage,n/a,n/a,Unknown,2
Order Made,2008,4,Decree Nisis,Nullity of marriage,n/a,n/a,Yes,5
Order Made,2009,1,Decree Nisis,Dissolution of marriage,n/a,n/a,No,27056
Order Made,2009,1,Decree Nisis,Dissolution of marriage,n/a,n/a,Unknown,638
Order Made,2009,1,Decree Nisis,Dissolution of marriage,n/a,n/a,Yes,585
Order Made,2009,1,Decree Nisis,Nullity of marriage,n/a,n/a,No,42
Order Made,2009,1,Decree Nisis,Nullity of marriage,n/a,n/a,Unknown,2
Order Made,2009,1,Decree Nisis,Nullity of marriage,n/a,n/a,Yes,3
Order Made,2009,2,Decree Nisis,Dissolution of marriage,n/a,n/a,No,26806
Order Made,2009,2,Decree Nisis,Dissolution of marriage,n/a,n/a,Unknown,680
Order Made,2009,2,Decree Nisis,Dissolution of marriage,n/a,n/a,Yes,524
Order Made,2009,2,Decree Nisis,Nullity of marriage,n/a,n/a,No,44
Order Made,2009,2,Decree Nisis,Nullity of marriage,n/a,n/a,Unknown,1
Order Made,2009,3,Decree Nisis,Dissolution of marriage,n/a,n/a,No,31185
Order Made,2009,3,Decree Nisis,Dissolution of marriage,n/a,n/a,Unknown,804
Order Made,2009,3,Decree Nisis,Dissolution of marriage,n/a,n/a,Yes,566
Order Made,2009,3,Decree Nisis,Nullity of marriage,n/a,n/a,No,47
Order Made,2009,3,Decree Nisis,Nullity of marriage,n/a,n/a,Unknown,2
Order Made,2009,3,Decree Nisis,Nullity of marriage,n/a,n/a,Yes,5
Order Made,2009,4,Decree Nisis,Dissolution of marriage,n/a,n/a,No,29033
Order Made,2009,4,Decree Nisis,Dissolution of marriage,n/a,n/a,Unknown,805
Order Made,2009,4,Decree Nisis,Dissolution of marriage,n/a,n/a,Yes,566
Order Made,2009,4,Decree Nisis,Nullity of marriage,n/a,n/a,No,45
Order Made,2009,4,Decree Nisis,Nullity of marriage,n/a,n/a,Unknown,3
Order Made,2009,4,Decree Nisis,Nullity of marriage,n/a,n/a,Yes,3
Order Made,2010,1,Decree Nisis,Dissolution of marriage,n/a,n/a,No,29755
Order Made,2010,1,Decree Nisis,Dissolution of marriage,n/a,n/a,Unknown,769
Order Made,2010,1,Decree Nisis,Dissolution of marriage,n/a,n/a,Yes,581
Order Made,2010,1,Decree Nisis,Nullity of marriage,n/a,n/a,No,37
Order Made,2010,1,Decree Nisis,Nullity of marriage,n/a,n/a,Unknown,2
Order Made,2010,1,Decree Nisis,Nullity of marriage,n/a,n/a,Yes,2
Order Made,2010,2,Decree Nisis,Dissolution of marriage,n/a,n/a,No,28626
Order Made,2010,2,Decree Nisis,Dissolution of marriage,n/a,n/a,Unknown,841
Order Made,2010,2,Decree Nisis,Dissolution of marriage,n/a,n/a,Yes,494
Order Made,2010,2,Decree Nisis,Nullity of marriage,n/a,n/a,No,28
Order Made,2010,2,Decree Nisis,Nullity of marriage,n/a,n/a,Unknown,2
Order Made,2010,3,Decree Nisis,Dissolution of marriage,n/a,n/a,No,31819
Order Made,2010,3,Decree Nisis,Dissolution of marriage,n/a,n/a,Unknown,958
Order Made,2010,3,Decree Nisis,Dissolution of marriage,n/a,n/a,Yes,579
Order Made,2010,3,Decree Nisis,Nullity of marriage,n/a,n/a,No,47
Order Made,2010,3,Decree Nisis,Nullity of marriage,n/a,n/a,Unknown,1
Order Made,2010,3,Decree Nisis,Nullity of marriage,n/a,n/a,Yes,4
Order Made,2010,4,Decree Nisis,Dissolution of marriage,n/a,n/a,No,29435
Order Made,2010,4,Decree Nisis,Dissolution of marriage,n/a,n/a,Unknown,936
Order Made,2010,4,Decree Nisis,Dissolution of marriage,n/a,n/a,Yes,538
Order Made,2010,4,Decree Nisis,Nullity of marriage,n/a,n/a,No,40
Order Made,2010,4,Decree Nisis,Nullity of marriage,n/a,n/a,Unknown,2
Order Made,2010,4,Decree Nisis,Nullity of marriage,n/a,n/a,Yes,1
Order Made,2011,1,Decree Nisis,Dissolution of marriage,n/a,n/a,No,29085
Order Made,2011,1,Decree Nisis,Dissolution of marriage,n/a,n/a,Unknown,980
Order Made,2011,1,Decree Nisis,Dissolution of marriage,n/a,n/a,Yes,589
Order Made,2011,1,Decree Nisis,Nullity of marriage,n/a,n/a,No,45
Order Made,2011,1,Decree Nisis,Nullity of marriage,n/a,n/a,Unknown,1
Order Made,2011,1,Decree Nisis,Nullity of marriage,n/a,n/a,Yes,3
Order Made,2011,2,Decree Nisis,Dissolution of marriage,n/a,n/a,No,27537
Order Made,2011,2,Decree Nisis,Dissolution of marriage,n/a,n/a,Unknown,955
Order Made,2011,2,Decree Nisis,Dissolution of marriage,n/a,n/a,Yes,533
Order Made,2011,2,Decree Nisis,Nullity of marriage,n/a,n/a,No,41
Order Made,2011,2,Decree Nisis,Nullity of marriage,n/a,n/a,Unknown,2
Order Made,2011,2,Decree Nisis,Nullity of marriage,n/a,n/a,Yes,2
Order Made,2011,3,Decree Nisis,Dissolution of marriage,n/a,n/a,No,29810
Order Made,2011,3,Decree Nisis,Dissolution of marriage,n/a,n/a,Unknown,1124
Order Made,2011,3,Decree Nisis,Dissolution of marriage,n/a,n/a,Yes,546
Order Made,2011,3,Decree Nisis,Nullity of marriage,n/a,n/a,No,66
Order Made,2011,3,Decree Nisis,Nullity of marriage,n/a,n/a,Unknown,1
Order Made,2011,3,Decree Nisis,Nullity of marriage,n/a,n/a,Yes,1
Order Made,2011,4,Decree Nisis,Dissolution of marriage,n/a,n/a,No,29341
Order Made,2011,4,Decree Nisis,Dissolution of marriage,n/a,n/a,Unknown,1185
Order Made,2011,4,Decree Nisis,Dissolution of marriage,n/a,n/a,Yes,520
Order Made,2011,4,Decree Nisis,Nullity of marriage,n/a,n/a,No,57
Order Made,2011,4,Decree Nisis,Nullity of marriage,n/a,n/a,Unknown,4
Order Made,2011,4,Decree Nisis,Nullity of marriage,n/a,n/a,Yes,4
Order Made,2012,1,Decree Nisis,Dissolution of marriage,n/a,n/a,No,29410
Order Made,2012,1,Decree Nisis,Dissolution of marriage,n/a,n/a,Unknown,1280
Order Made,2012,1,Decree Nisis,Dissolution of marriage,n/a,n/a,Yes,579
Order Made,2012,1,Decree Nisis,Nullity of marriage,n/a,n/a,No,72
Order Made,2012,1,Decree Nisis,Nullity of marriage,n/a,n/a,Unknown,1
Order Made,2012,1,Decree Nisis,Nullity of marriage,n/a,n/a,Yes,2
Order Made,2012,2,Decree Nisis,Dissolution of marriage,n/a,n/a,No,28994
Order Made,2012,2,Decree Nisis,Dissolution of marriage,n/a,n/a,Unknown,1402
Order Made,2012,2,Decree Nisis,Dissolution of marriage,n/a,n/a,Yes,575
Order Made,2012,2,Decree Nisis,Nullity of marriage,n/a,n/a,No,70
Order Made,2012,2,Decree Nisis,Nullity of marriage,n/a,n/a,Unknown,3
Order Made,2012,2,Decree Nisis,Nullity of marriage,n/a,n/a,Yes,4
Order Made,2012,3,Decree Nisis,Dissolution of marriage,n/a,n/a,No,28815
Order Made,2012,3,Decree Nisis,Dissolution of marriage,n/a,n/a,Unknown,1732
Order Made,2012,3,Decree Nisis,Dissolution of marriage,n/a,n/a,Yes,515
Order Made,2012,3,Decree Nisis,Nullity of marriage,n/a,n/a,No,73
Order Made,2012,3,Decree Nisis,Nullity of marriage,n/a,n/a,Unknown,4
Order Made,2012,3,Decree Nisis,Nullity of marriage,n/a,n/a,Yes,3
Order Made,2012,4,Decree Nisis,Dissolution of marriage,n/a,n/a,No,26879
Order Made,2012,4,Decree Nisis,Dissolution of marriage,n/a,n/a,Unknown,1727
Order Made,2012,4,Decree Nisis,Dissolution of marriage,n/a,n/a,Yes,521
Order Made,2012,4,Decree Nisis,Nullity of marriage,n/a,n/a,No,68
Order Made,2012,4,Decree Nisis,Nullity of marriage,n/a,n/a,Unknown,4
Order Made,2012,4,Decree Nisis,Nullity of marriage,n/a,n/a,Yes,6
Order Made,2013,1,Decree Nisis,Dissolution of marriage,n/a,n/a,No,25527
Order Made,2013,1,Decree Nisis,Dissolution of marriage,n/a,n/a,Unknown,1983
Order Made,2013,1,Decree Nisis,Dissolution of marriage,n/a,n/a,Yes,559
Order Made,2013,1,Decree Nisis,Nullity of marriage,n/a,n/a,No,79
Order Made,2013,1,Decree Nisis,Nullity of marriage,n/a,n/a,Unknown,1
Order Made,2013,1,Decree Nisis,Nullity of marriage,n/a,n/a,Yes,5
Order Made,2013,2,Decree Nisis,Dissolution of marriage,n/a,n/a,No,26110
Order Made,2013,2,Decree Nisis,Dissolution of marriage,n/a,n/a,Unknown,2520
Order Made,2013,2,Decree Nisis,Dissolution of marriage,n/a,n/a,Yes,488
Order Made,2013,2,Decree Nisis,Nullity of marriage,n/a,n/a,No,101
Order Made,2013,2,Decree Nisis,Nullity of marriage,n/a,n/a,Unknown,5
Order Made,2013,2,Decree Nisis,Nullity of marriage,n/a,n/a,Yes,2
Order Made,2013,3,Decree Nisis,Dissolution of marriage,n/a,n/a,No,25458
Order Made,2013,3,Decree Nisis,Dissolution of marriage,n/a,n/a,Unknown,3119
Order Made,2013,3,Decree Nisis,Dissolution of marriage,n/a,n/a,Yes,508
Order Made,2013,3,Decree Nisis,Nullity of marriage,n/a,n/a,No,89
Order Made,2013,3,Decree Nisis,Nullity of marriage,n/a,n/a,Unknown,6
Order Made,2013,3,Decree Nisis,Nullity of marriage,n/a,n/a,Yes,5
Order Made,2013,4,Decree Nisis,Dissolution of marriage,n/a,n/a,No,23212
Order Made,2013,4,Decree Nisis,Dissolution of marriage,n/a,n/a,Unknown,3397
Order Made,2013,4,Decree Nisis,Dissolution of marriage,n/a,n/a,Yes,489
Order Made,2013,4,Decree Nisis,Nullity of marriage,n/a,n/a,No,94
Order Made,2013,4,Decree Nisis,Nullity of marriage,n/a,n/a,Unknown,1
Order Made,2013,4,Decree Nisis,Nullity of marriage,n/a,n/a,Yes,2
Order Made,2014,1,Decree Nisis,Dissolution of marriage,n/a,n/a,No,22339
Order Made,2014,1,Decree Nisis,Dissolution of marriage,n/a,n/a,Unknown,4672
Order Made,2014,1,Decree Nisis,Dissolution of marriage,n/a,n/a,Yes,414
Order Made,2014,1,Decree Nisis,Nullity of marriage,n/a,n/a,No,110
Order Made,2014,1,Decree Nisis,Nullity of marriage,n/a,n/a,Unknown,7
Order Made,2014,1,Decree Nisis,Nullity of marriage,n/a,n/a,Yes,4
Order Made,2014,2,Decree Nisis,Dissolution of marriage,n/a,n/a,No,20456
Order Made,2014,2,Decree Nisis,Dissolution of marriage,n/a,n/a,Unknown,6180
Order Made,2014,2,Decree Nisis,Dissolution of marriage,n/a,n/a,Yes,435
Order Made,2014,2,Decree Nisis,Nullity of marriage,n/a,n/a,No,92
Order Made,2014,2,Decree Nisis,Nullity of marriage,n/a,n/a,Unknown,15
Order Made,2014,2,Decree Nisis,Nullity of marriage,n/a,n/a,Yes,3
Order Made,2014,3,Decree Nisis,Dissolution of marriage,n/a,n/a,No,14089
Order Made,2014,3,Decree Nisis,Dissolution of marriage,n/a,n/a,Unknown,13824
Order Made,2014,3,Decree Nisis,Dissolution of marriage,n/a,n/a,Yes,260
Order Made,2014,3,Decree Nisis,Nullity of marriage,n/a,n/a,No,63
Order Made,2014,3,Decree Nisis,Nullity of marriage,n/a,n/a,Unknown,41
Order Made,2014,3,Decree Nisis,Nullity of marriage,n/a,n/a,Yes,2
Order Made,2003,1,Decreee Absolutes,Dissolution of marriage,n/a,n/a,No,38477
Order Made,2003,1,Decreee Absolutes,Dissolution of marriage,n/a,n/a,Yes,891
Order Made,2003,1,Decreee Absolutes,Nullity of marriage,n/a,n/a,No,45
Order Made,2003,1,Decreee Absolutes,Nullity of marriage,n/a,n/a,Yes,3
Order Made,2003,2,Decreee Absolutes,Dissolution of marriage,n/a,n/a,No,37621
Order Made,2003,2,Decreee Absolutes,Dissolution of marriage,n/a,n/a,Yes,875
Order Made,2003,2,Decreee Absolutes,Nullity of marriage,n/a,n/a,No,53
Order Made,2003,2,Decreee Absolutes,Nullity of marriage,n/a,n/a,Yes,4
Order Made,2003,3,Decreee Absolutes,Dissolution of marriage,n/a,n/a,No,37183
Order Made,2003,3,Decreee Absolutes,Dissolution of marriage,n/a,n/a,Yes,889
Order Made,2003,3,Decreee Absolutes,Nullity of marriage,n/a,n/a,No,43
Order Made,2003,4,Decreee Absolutes,Dissolution of marriage,n/a,n/a,No,36933
Order Made,2003,4,Decreee Absolutes,Dissolution of marriage,n/a,n/a,Yes,849
Order Made,2003,4,Decreee Absolutes,Nullity of marriage,n/a,n/a,No,40
Order Made,2003,4,Decreee Absolutes,Nullity of marriage,n/a,n/a,Yes,4
Order Made,2004,1,Decreee Absolutes,Dissolution of marriage,n/a,n/a,No,38541
Order Made,2004,1,Decreee Absolutes,Dissolution of marriage,n/a,n/a,Yes,875
Order Made,2004,1,Decreee Absolutes,Nullity of marriage,n/a,n/a,No,55
Order Made,2004,1,Decreee Absolutes,Nullity of marriage,n/a,n/a,Yes,1
Order Made,2004,2,Decreee Absolutes,Dissolution of marriage,n/a,n/a,No,37082
Order Made,2004,2,Decreee Absolutes,Dissolution of marriage,n/a,n/a,Yes,817
Order Made,2004,2,Decreee Absolutes,Nullity of marriage,n/a,n/a,No,70
Order Made,2004,2,Decreee Absolutes,Nullity of marriage,n/a,n/a,Yes,1
Order Made,2004,3,Decreee Absolutes,Dissolution of marriage,n/a,n/a,No,38122
Order Made,2004,3,Decreee Absolutes,Dissolution of marriage,n/a,n/a,Yes,906
Order Made,2004,3,Decreee Absolutes,Nullity of marriage,n/a,n/a,No,54
Order Made,2004,3,Decreee Absolutes,Nullity of marriage,n/a,n/a,Yes,3
Order Made,2004,4,Decreee Absolutes,Dissolution of marriage,n/a,n/a,No,36113
Order Made,2004,4,Decreee Absolutes,Dissolution of marriage,n/a,n/a,Yes,803
Order Made,2004,4,Decreee Absolutes,Nullity of marriage,n/a,n/a,No,60
Order Made,2005,1,Decreee Absolutes,Dissolution of marriage,n/a,n/a,No,35398
Order Made,2005,1,Decreee Absolutes,Dissolution of marriage,n/a,n/a,Yes,885
Order Made,2005,1,Decreee Absolutes,Nullity of marriage,n/a,n/a,No,60
Order Made,2005,1,Decreee Absolutes,Nullity of marriage,n/a,n/a,Yes,9
Order Made,2005,2,Decreee Absolutes,Dissolution of marriage,n/a,n/a,No,35680
Order Made,2005,2,Decreee Absolutes,Dissolution of marriage,n/a,n/a,Yes,819
Order Made,2005,2,Decreee Absolutes,Nullity of marriage,n/a,n/a,No,60
Order Made,2005,2,Decreee Absolutes,Nullity of marriage,n/a,n/a,Yes,2
Order Made,2005,3,Decreee Absolutes,Dissolution of marriage,n/a,n/a,No,34998
Order Made,2005,3,Decreee Absolutes,Dissolution of marriage,n/a,n/a,Yes,846
Order Made,2005,3,Decreee Absolutes,Nullity of marriage,n/a,n/a,No,58
Order Made,2005,4,Decreee Absolutes,Dissolution of marriage,n/a,n/a,No,32700
Order Made,2005,4,Decreee Absolutes,Dissolution of marriage,n/a,n/a,Yes,740
Order Made,2005,4,Decreee Absolutes,Nullity of marriage,n/a,n/a,No,60
Order Made,2005,4,Decreee Absolutes,Nullity of marriage,n/a,n/a,Yes,2
Order Made,2006,1,Decreee Absolutes,Dissolution of marriage,n/a,n/a,No,33567
Order Made,2006,1,Decreee Absolutes,Dissolution of marriage,n/a,n/a,Yes,755
Order Made,2006,1,Decreee Absolutes,Nullity of marriage,n/a,n/a,No,70
Order Made,2006,1,Decreee Absolutes,Nullity of marriage,n/a,n/a,Yes,5
Order Made,2006,2,Decreee Absolutes,Dissolution of marriage,n/a,n/a,No,32356
Order Made,2006,2,Decreee Absolutes,Dissolution of marriage,n/a,n/a,Yes,710
Order Made,2006,2,Decreee Absolutes,Nullity of marriage,n/a,n/a,No,65
Order Made,2006,2,Decreee Absolutes,Nullity of marriage,n/a,n/a,Yes,4
Order Made,2006,3,Decreee Absolutes,Dissolution of marriage,n/a,n/a,No,32211
Order Made,2006,3,Decreee Absolutes,Dissolution of marriage,n/a,n/a,Yes,760
Order Made,2006,3,Decreee Absolutes,Nullity of marriage,n/a,n/a,No,52
Order Made,2006,3,Decreee Absolutes,Nullity of marriage,n/a,n/a,Yes,1
Order Made,2006,4,Decreee Absolutes,Dissolution of marriage,n/a,n/a,No,31674
Order Made,2006,4,Decreee Absolutes,Dissolution of marriage,n/a,n/a,Yes,708
Order Made,2006,4,Decreee Absolutes,Nullity of marriage,n/a,n/a,No,45
Order Made,2006,4,Decreee Absolutes,Nullity of marriage,n/a,n/a,Yes,2
Order Made,2007,1,Decreee Absolutes,Dissolution of marriage,n/a,n/a,No,33926
Order Made,2007,1,Decreee Absolutes,Dissolution of marriage,n/a,n/a,Yes,748
Order Made,2007,1,Decreee Absolutes,Nullity of marriage,n/a,n/a,No,59
Order Made,2007,1,Decreee Absolutes,Nullity of marriage,n/a,n/a,Yes,4
Order Made,2007,2,Decreee Absolutes,Dissolution of marriage,n/a,n/a,No,32412
Order Made,2007,2,Decreee Absolutes,Dissolution of marriage,n/a,n/a,Yes,778
Order Made,2007,2,Decreee Absolutes,Nullity of marriage,n/a,n/a,No,43
Order Made,2007,3,Decreee Absolutes,Dissolution of marriage,n/a,n/a,No,32510
Order Made,2007,3,Decreee Absolutes,Dissolution of marriage,n/a,n/a,Yes,730
Order Made,2007,3,Decreee Absolutes,Nullity of marriage,n/a,n/a,No,48
Order Made,2007,3,Decreee Absolutes,Nullity of marriage,n/a,n/a,Yes,3
Order Made,2007,4,Decreee Absolutes,Dissolution of marriage,n/a,n/a,No,27246
Order Made,2007,4,Decreee Absolutes,Dissolution of marriage,n/a,n/a,Yes,569
Order Made,2007,4,Decreee Absolutes,Nullity of marriage,n/a,n/a,No,34
Order Made,2007,4,Decreee Absolutes,Nullity of marriage,n/a,n/a,Yes,2
Order Made,2008,1,Decreee Absolutes,Dissolution of marriage,n/a,n/a,No,31331
Order Made,2008,1,Decreee Absolutes,Dissolution of marriage,n/a,n/a,Yes,704
Order Made,2008,1,Decreee Absolutes,Nullity of marriage,n/a,n/a,No,48
Order Made,2008,1,Decreee Absolutes,Nullity of marriage,n/a,n/a,Yes,2
Order Made,2008,2,Decreee Absolutes,Dissolution of marriage,n/a,n/a,No,30293
Order Made,2008,2,Decreee Absolutes,Dissolution of marriage,n/a,n/a,Yes,663
Order Made,2008,2,Decreee Absolutes,Nullity of marriage,n/a,n/a,No,41
Order Made,2008,2,Decreee Absolutes,Nullity of marriage,n/a,n/a,Yes,4
Order Made,2008,3,Decreee Absolutes,Dissolution of marriage,n/a,n/a,No,30060
Order Made,2008,3,Decreee Absolutes,Dissolution of marriage,n/a,n/a,Yes,588
Order Made,2008,3,Decreee Absolutes,Nullity of marriage,n/a,n/a,No,47
Order Made,2008,3,Decreee Absolutes,Nullity of marriage,n/a,n/a,Yes,4
Order Made,2008,4,Decreee Absolutes,Dissolution of marriage,n/a,n/a,No,28410
Order Made,2008,4,Decreee Absolutes,Dissolution of marriage,n/a,n/a,Yes,573
Order Made,2008,4,Decreee Absolutes,Nullity of marriage,n/a,n/a,No,50
Order Made,2008,4,Decreee Absolutes,Nullity of marriage,n/a,n/a,Yes,2
Order Made,2009,1,Decreee Absolutes,Dissolution of marriage,n/a,n/a,No,28070
Order Made,2009,1,Decreee Absolutes,Dissolution of marriage,n/a,n/a,Yes,579
Order Made,2009,1,Decreee Absolutes,Nullity of marriage,n/a,n/a,No,42
Order Made,2009,1,Decreee Absolutes,Nullity of marriage,n/a,n/a,Yes,6
Order Made,2009,2,Decreee Absolutes,Dissolution of marriage,n/a,n/a,No,26826
Order Made,2009,2,Decreee Absolutes,Dissolution of marriage,n/a,n/a,Yes,565
Order Made,2009,2,Decreee Absolutes,Nullity of marriage,n/a,n/a,No,51
Order Made,2009,2,Decreee Absolutes,Nullity of marriage,n/a,n/a,Yes,3
Order Made,2009,3,Decreee Absolutes,Dissolution of marriage,n/a,n/a,No,28685
Order Made,2009,3,Decreee Absolutes,Dissolution of marriage,n/a,n/a,Yes,526
Order Made,2009,3,Decreee Absolutes,Nullity of marriage,n/a,n/a,No,47
Order Made,2009,3,Decreee Absolutes,Nullity of marriage,n/a,n/a,Yes,3
Order Made,2009,4,Decreee Absolutes,Dissolution of marriage,n/a,n/a,No,29349
Order Made,2009,4,Decreee Absolutes,Dissolution of marriage,n/a,n/a,Yes,562
Order Made,2009,4,Decreee Absolutes,Nullity of marriage,n/a,n/a,No,42
Order Made,2009,4,Decreee Absolutes,Nullity of marriage,n/a,n/a,Yes,4
Order Made,2010,1,Decreee Absolutes,Dissolution of marriage,n/a,n/a,No,29859
Order Made,2010,1,Decreee Absolutes,Dissolution of marriage,n/a,n/a,Yes,535
Order Made,2010,1,Decreee Absolutes,Nullity of marriage,n/a,n/a,No,45
Order Made,2010,2,Decreee Absolutes,Dissolution of marriage,n/a,n/a,No,29292
Order Made,2010,2,Decreee Absolutes,Dissolution of marriage,n/a,n/a,Yes,564
Order Made,2010,2,Decreee Absolutes,Nullity of marriage,n/a,n/a,No,30
Order Made,2010,2,Decreee Absolutes,Nullity of marriage,n/a,n/a,Yes,3
Order Made,2010,3,Decreee Absolutes,Dissolution of marriage,n/a,n/a,No,30092
Order Made,2010,3,Decreee Absolutes,Dissolution of marriage,n/a,n/a,Yes,543
Order Made,2010,3,Decreee Absolutes,Nullity of marriage,n/a,n/a,No,31
Order Made,2010,3,Decreee Absolutes,Nullity of marriage,n/a,n/a,Yes,1
Order Made,2010,4,Decreee Absolutes,Dissolution of marriage,n/a,n/a,No,29818
Order Made,2010,4,Decreee Absolutes,Dissolution of marriage,n/a,n/a,Yes,558
Order Made,2010,4,Decreee Absolutes,Nullity of marriage,n/a,n/a,No,43
Order Made,2010,4,Decreee Absolutes,Nullity of marriage,n/a,n/a,Yes,2
Order Made,2011,1,Decreee Absolutes,Dissolution of marriage,n/a,n/a,No,30256
Order Made,2011,1,Decreee Absolutes,Dissolution of marriage,n/a,n/a,Yes,588
Order Made,2011,1,Decreee Absolutes,Nullity of marriage,n/a,n/a,No,49
Order Made,2011,1,Decreee Absolutes,Nullity of marriage,n/a,n/a,Yes,1
Order Made,2011,2,Decreee Absolutes,Dissolution of marriage,n/a,n/a,No,28407
Order Made,2011,2,Decreee Absolutes,Dissolution of marriage,n/a,n/a,Yes,554
Order Made,2011,2,Decreee Absolutes,Nullity of marriage,n/a,n/a,No,40
Order Made,2011,2,Decreee Absolutes,Nullity of marriage,n/a,n/a,Yes,3
Order Made,2011,3,Decreee Absolutes,Dissolution of marriage,n/a,n/a,No,29774
Order Made,2011,3,Decreee Absolutes,Dissolution of marriage,n/a,n/a,Yes,580
Order Made,2011,3,Decreee Absolutes,Nullity of marriage,n/a,n/a,No,63
Order Made,2011,3,Decreee Absolutes,Nullity of marriage,n/a,n/a,Yes,1
Order Made,2011,4,Decreee Absolutes,Dissolution of marriage,n/a,n/a,No,28943
Order Made,2011,4,Decreee Absolutes,Dissolution of marriage,n/a,n/a,Yes,535
Order Made,2011,4,Decreee Absolutes,Nullity of marriage,n/a,n/a,No,45
Order Made,2011,4,Decreee Absolutes,Nullity of marriage,n/a,n/a,Yes,4
Order Made,2012,1,Decreee Absolutes,Dissolution of marriage,n/a,n/a,No,31090
Order Made,2012,1,Decreee Absolutes,Dissolution of marriage,n/a,n/a,Yes,564
Order Made,2012,1,Decreee Absolutes,Nullity of marriage,n/a,n/a,No,70
Order Made,2012,1,Decreee Absolutes,Nullity of marriage,n/a,n/a,Yes,3
Order Made,2012,2,Decreee Absolutes,Dissolution of marriage,n/a,n/a,No,29004
Order Made,2012,2,Decreee Absolutes,Dissolution of marriage,n/a,n/a,Yes,568
Order Made,2012,2,Decreee Absolutes,Nullity of marriage,n/a,n/a,No,67
Order Made,2012,2,Decreee Absolutes,Nullity of marriage,n/a,n/a,Yes,3
Order Made,2012,3,Decreee Absolutes,Dissolution of marriage,n/a,n/a,No,29734
Order Made,2012,3,Decreee Absolutes,Dissolution of marriage,n/a,n/a,Yes,594
Order Made,2012,3,Decreee Absolutes,Nullity of marriage,n/a,n/a,No,68
Order Made,2012,3,Decreee Absolutes,Nullity of marriage,n/a,n/a,Yes,5
Order Made,2012,4,Decreee Absolutes,Dissolution of marriage,n/a,n/a,No,28584
Order Made,2012,4,Decreee Absolutes,Dissolution of marriage,n/a,n/a,Yes,565
Order Made,2012,4,Decreee Absolutes,Nullity of marriage,n/a,n/a,No,73
Order Made,2012,4,Decreee Absolutes,Nullity of marriage,n/a,n/a,Yes,2
Order Made,2013,1,Decreee Absolutes,Dissolution of marriage,n/a,n/a,No,28181
Order Made,2013,1,Decreee Absolutes,Dissolution of marriage,n/a,n/a,Yes,544
Order Made,2013,1,Decreee Absolutes,Nullity of marriage,n/a,n/a,No,70
Order Made,2013,1,Decreee Absolutes,Nullity of marriage,n/a,n/a,Yes,7
Order Made,2013,2,Decreee Absolutes,Dissolution of marriage,n/a,n/a,No,27687
Order Made,2013,2,Decreee Absolutes,Dissolution of marriage,n/a,n/a,Yes,589
Order Made,2013,2,Decreee Absolutes,Nullity of marriage,n/a,n/a,No,91
Order Made,2013,2,Decreee Absolutes,Nullity of marriage,n/a,n/a,Yes,2
Order Made,2013,3,Decreee Absolutes,Dissolution of marriage,n/a,n/a,No,29405
Order Made,2013,3,Decreee Absolutes,Dissolution of marriage,n/a,n/a,Yes,574
Order Made,2013,3,Decreee Absolutes,Nullity of marriage,n/a,n/a,No,103
Order Made,2013,3,Decreee Absolutes,Nullity of marriage,n/a,n/a,Yes,5
Order Made,2013,4,Decreee Absolutes,Dissolution of marriage,n/a,n/a,No,27586
Order Made,2013,4,Decreee Absolutes,Dissolution of marriage,n/a,n/a,Yes,620
Order Made,2013,4,Decreee Absolutes,Nullity of marriage,n/a,n/a,No,83
Order Made,2013,4,Decreee Absolutes,Nullity of marriage,n/a,n/a,Yes,4
Order Made,2014,1,Decreee Absolutes,Dissolution of marriage,n/a,n/a,No,28650
Order Made,2014,1,Decreee Absolutes,Dissolution of marriage,n/a,n/a,Yes,565
Order Made,2014,1,Decreee Absolutes,Nullity of marriage,n/a,n/a,No,109
Order Made,2014,1,Decreee Absolutes,Nullity of marriage,n/a,n/a,Yes,1
Order Made,2014,2,Decreee Absolutes,Dissolution of marriage,n/a,n/a,No,27210
Order Made,2014,2,Decreee Absolutes,Dissolution of marriage,n/a,n/a,Yes,545
Order Made,2014,2,Decreee Absolutes,Nullity of marriage,n/a,n/a,No,113
Order Made,2014,2,Decreee Absolutes,Nullity of marriage,n/a,n/a,Yes,5
Order Made,2014,3,Decreee Absolutes,Dissolution of marriage,n/a,n/a,No,27212
Order Made,2014,3,Decreee Absolutes,Dissolution of marriage,n/a,n/a,Yes,616
Order Made,2014,3,Decreee Absolutes,Nullity of marriage,n/a,n/a,No,96
Order Made,2014,3,Decreee Absolutes,Nullity of marriage,n/a,n/a,Yes,3
Order Made,2003,1,Judicial separation,n/a,n/a,n/a,Unknown,119
Order Made,2003,2,Judicial separation,n/a,n/a,n/a,Unknown,105
Order Made,2003,3,Judicial separation,n/a,n/a,n/a,Unknown,115
Order Made,2003,4,Judicial separation,n/a,n/a,n/a,Unknown,95
Order Made,2004,1,Judicial separation,n/a,n/a,n/a,Unknown,98
Order Made,2004,2,Judicial separation,n/a,n/a,n/a,Unknown,100
Order Made,2004,3,Judicial separation,n/a,n/a,n/a,Unknown,98
Order Made,2004,4,Judicial separation,n/a,n/a,n/a,Unknown,83
Order Made,2005,1,Judicial separation,n/a,n/a,n/a,Unknown,82
Order Made,2005,2,Judicial separation,n/a,n/a,n/a,Unknown,90
Order Made,2005,3,Judicial separation,n/a,n/a,n/a,Unknown,109
Order Made,2005,4,Judicial separation,n/a,n/a,n/a,Unknown,76
Order Made,2006,1,Judicial separation,n/a,n/a,n/a,Unknown,84
Order Made,2006,2,Judicial separation,n/a,n/a,n/a,Unknown,96
Order Made,2006,3,Judicial separation,n/a,n/a,n/a,Unknown,76
Order Made,2006,4,Judicial separation,n/a,n/a,n/a,Unknown,64
Order Made,2007,1,Judicial separation,n/a,n/a,n/a,Unknown,83
Order Made,2007,2,Judicial separation,n/a,n/a,n/a,Unknown,75
Order Made,2007,3,Judicial separation,n/a,n/a,n/a,Unknown,75
Order Made,2007,4,Judicial separation,n/a,n/a,n/a,Unknown,67
Order Made,2008,1,Judicial separation,n/a,n/a,n/a,Unknown,53
Order Made,2008,2,Judicial separation,n/a,n/a,n/a,Unknown,49
Order Made,2008,3,Judicial separation,n/a,n/a,n/a,Unknown,55
Order Made,2008,4,Judicial separation,n/a,n/a,n/a,Unknown,54
Order Made,2009,1,Judicial separation,n/a,n/a,n/a,Unknown,54
Order Made,2009,2,Judicial separation,n/a,n/a,n/a,Unknown,41
Order Made,2009,3,Judicial separation,n/a,n/a,n/a,Unknown,47
Order Made,2009,4,Judicial separation,n/a,n/a,n/a,Unknown,55
Order Made,2010,1,Judicial separation,n/a,n/a,n/a,Unknown,39
Order Made,2010,2,Judicial separation,n/a,n/a,n/a,Unknown,44
Order Made,2010,3,Judicial separation,n/a,n/a,n/a,Unknown,38
Order Made,2010,4,Judicial separation,n/a,n/a,n/a,Unknown,50
Order Made,2011,1,Judicial separation,n/a,n/a,n/a,Unknown,53
Order Made,2011,2,Judicial separation,n/a,n/a,n/a,Unknown,47
Order Made,2011,3,Judicial separation,n/a,n/a,n/a,Unknown,24
Order Made,2011,4,Judicial separation,n/a,n/a,n/a,Unknown,31
Order Made,2012,1,Judicial separation,n/a,n/a,n/a,Unknown,30
Order Made,2012,2,Judicial separation,n/a,n/a,n/a,Unknown,25
Order Made,2012,3,Judicial separation,n/a,n/a,n/a,Unknown,36
Order Made,2012,4,Judicial separation,n/a,n/a,n/a,Unknown,34
Order Made,2013,1,Judicial separation,n/a,n/a,n/a,Unknown,37
Order Made,2013,2,Judicial separation,n/a,n/a,n/a,Unknown,41
Order Made,2013,3,Judicial separation,n/a,n/a,n/a,Unknown,37
Order Made,2013,4,Judicial separation,n/a,n/a,n/a,Unknown,21
Order Made,2014,1,Judicial separation,n/a,n/a,n/a,Unknown,36
Order Made,2014,2,Judicial separation,n/a,n/a,n/a,Unknown,33
Order Made,2014,3,Judicial separation,n/a,n/a,n/a,Unknown,39
